file	v7_label	v7_teacher_n	v7_other_n	v7_exact_agreement	v7_overlap_agreement	v7_additions	v7_removals	v7_type_changes	v7_boundary_changes	v7_assertion_changes	v7_candidate_changes	v7_teacher_by_type	v7_other_by_type	v10_label	v10_teacher_n	v10_other_n	v10_exact_agreement	v10_overlap_agreement	v10_additions	v10_removals	v10_type_changes	v10_boundary_changes	v10_assertion_changes	v10_candidate_changes	v10_teacher_by_type	v10_other_by_type
1	v7	50	57	24	45	26	33	2	20	5	4	"{""THUỐC"": 6, ""TRIỆU_CHỨNG"": 27, ""TÊN_XÉT_NGHIỆM"": 9, ""KẾT_QUẢ_XÉT_NGHIỆM"": 8}"	"{""THUỐC"": 8, ""TÊN_XÉT_NGHIỆM"": 13, ""CHẨN_ĐOÁN"": 4, ""TRIỆU_CHỨNG"": 25, ""KẾT_QUẢ_XÉT_NGHIỆM"": 7}"	v10	50	57	25	45	25	32	2	19	5	4	"{""THUỐC"": 6, ""TRIỆU_CHỨNG"": 27, ""TÊN_XÉT_NGHIỆM"": 9, ""KẾT_QUẢ_XÉT_NGHIỆM"": 8}"	"{""THUỐC"": 8, ""TÊN_XÉT_NGHIỆM"": 13, ""CHẨN_ĐOÁN"": 4, ""TRIỆU_CHỨNG"": 25, ""KẾT_QUẢ_XÉT_NGHIỆM"": 7}"
10	v7	14	21	6	10	8	15	2	4	1	1	"{""TRIỆU_CHỨNG"": 6, ""TÊN_XÉT_NGHIỆM"": 3, ""KẾT_QUẢ_XÉT_NGHIỆM"": 2, ""CHẨN_ĐOÁN"": 3}"	"{""TRIỆU_CHỨNG"": 10, ""KẾT_QUẢ_XÉT_NGHIỆM"": 3, ""TÊN_XÉT_NGHIỆM"": 7, ""CHẨN_ĐOÁN"": 1}"	v10	14	21	6	10	8	15	2	4	1	1	"{""TRIỆU_CHỨNG"": 6, ""TÊN_XÉT_NGHIỆM"": 3, ""KẾT_QUẢ_XÉT_NGHIỆM"": 2, ""CHẨN_ĐOÁN"": 3}"	"{""TRIỆU_CHỨNG"": 10, ""KẾT_QUẢ_XÉT_NGHIỆM"": 3, ""TÊN_XÉT_NGHIỆM"": 7, ""CHẨN_ĐOÁN"": 1}"
100	v7	33	38	16	24	17	22	3	8	10	3	"{""CHẨN_ĐOÁN"": 6, ""TRIỆU_CHỨNG"": 10, ""TÊN_XÉT_NGHIỆM"": 8, ""KẾT_QUẢ_XÉT_NGHIỆM"": 6, ""THUỐC"": 3}"	"{""TRIỆU_CHỨNG"": 16, ""CHẨN_ĐOÁN"": 5, ""TÊN_XÉT_NGHIỆM"": 11, ""THUỐC"": 2, ""KẾT_QUẢ_XÉT_NGHIỆM"": 4}"	v10	33	38	16	24	17	22	3	8	10	3	"{""CHẨN_ĐOÁN"": 6, ""TRIỆU_CHỨNG"": 10, ""TÊN_XÉT_NGHIỆM"": 8, ""KẾT_QUẢ_XÉT_NGHIỆM"": 6, ""THUỐC"": 3}"	"{""TRIỆU_CHỨNG"": 16, ""CHẨN_ĐOÁN"": 5, ""TÊN_XÉT_NGHIỆM"": 11, ""THUỐC"": 2, ""KẾT_QUẢ_XÉT_NGHIỆM"": 4}"
11	v7	7	17	1	3	6	16	6	4	1	6	"{""CHẨN_ĐOÁN"": 6, ""THUỐC"": 1}"	"{""TRIỆU_CHỨNG"": 9, ""CHẨN_ĐOÁN"": 3, ""TÊN_XÉT_NGHIỆM"": 4, ""THUỐC"": 1}"	v10	7	17	1	3	6	16	6	4	1	6	"{""CHẨN_ĐOÁN"": 6, ""THUỐC"": 1}"	"{""TRIỆU_CHỨNG"": 9, ""CHẨN_ĐOÁN"": 3, ""TÊN_XÉT_NGHIỆM"": 4, ""THUỐC"": 1}"
12	v7	22	30	7	18	15	23	3	12	1	1	"{""CHẨN_ĐOÁN"": 1, ""TRIỆU_CHỨNG"": 14, ""THUỐC"": 2, ""TÊN_XÉT_NGHIỆM"": 4, ""KẾT_QUẢ_XÉT_NGHIỆM"": 1}"	"{""TRIỆU_CHỨNG"": 24, ""THUỐC"": 1, ""TÊN_XÉT_NGHIỆM"": 4, ""KẾT_QUẢ_XÉT_NGHIỆM"": 1}"	v10	22	30	7	18	15	23	3	12	1	1	"{""CHẨN_ĐOÁN"": 1, ""TRIỆU_CHỨNG"": 14, ""THUỐC"": 2, ""TÊN_XÉT_NGHIỆM"": 4, ""KẾT_QUẢ_XÉT_NGHIỆM"": 1}"	"{""TRIỆU_CHỨNG"": 24, ""THUỐC"": 1, ""TÊN_XÉT_NGHIỆM"": 4, ""KẾT_QUẢ_XÉT_NGHIỆM"": 1}"
13	v7	32	56	15	21	17	41	11	10	4	16	"{""CHẨN_ĐOÁN"": 9, ""THUỐC"": 7, ""TRIỆU_CHỨNG"": 16}"	"{""TRIỆU_CHỨNG"": 35, ""THUỐC"": 10, ""TÊN_XÉT_NGHIỆM"": 5, ""CHẨN_ĐOÁN"": 6}"	v10	32	56	15	21	17	41	11	10	4	16	"{""CHẨN_ĐOÁN"": 9, ""THUỐC"": 7, ""TRIỆU_CHỨNG"": 16}"	"{""TRIỆU_CHỨNG"": 35, ""THUỐC"": 10, ""TÊN_XÉT_NGHIỆM"": 5, ""CHẨN_ĐOÁN"": 6}"
14	v7	10	19	4	6	6	15	2	3	0	0	"{""TRIỆU_CHỨNG"": 3, ""TÊN_XÉT_NGHIỆM"": 3, ""KẾT_QUẢ_XÉT_NGHIỆM"": 3, ""CHẨN_ĐOÁN"": 1}"	"{""TÊN_XÉT_NGHIỆM"": 5, ""TRIỆU_CHỨNG"": 14}"	v10	10	19	4	6	6	15	2	3	0	0	"{""TRIỆU_CHỨNG"": 3, ""TÊN_XÉT_NGHIỆM"": 3, ""KẾT_QUẢ_XÉT_NGHIỆM"": 3, ""CHẨN_ĐOÁN"": 1}"	"{""TÊN_XÉT_NGHIỆM"": 5, ""TRIỆU_CHỨNG"": 14}"
15	v7	2	8	1	2	1	7	2	2	0	2	"{""CHẨN_ĐOÁN"": 2}"	"{""TRIỆU_CHỨNG"": 4, ""CHẨN_ĐOÁN"": 2, ""TÊN_XÉT_NGHIỆM"": 2}"	v10	2	8	1	2	1	7	2	2	0	2	"{""CHẨN_ĐOÁN"": 2}"	"{""TRIỆU_CHỨNG"": 4, ""CHẨN_ĐOÁN"": 2, ""TÊN_XÉT_NGHIỆM"": 2}"
16	v7	44	72	20	32	24	52	12	14	10	7	"{""CHẨN_ĐOÁN"": 12, ""TRIỆU_CHỨNG"": 29, ""TÊN_XÉT_NGHIỆM"": 2, ""KẾT_QUẢ_XÉT_NGHIỆM"": 1}"	"{""TRIỆU_CHỨNG"": 54, ""CHẨN_ĐOÁN"": 6, ""TÊN_XÉT_NGHIỆM"": 8, ""THUỐC"": 2, ""KẾT_QUẢ_XÉT_NGHIỆM"": 2}"	v10	44	72	21	33	23	51	11	13	10	7	"{""CHẨN_ĐOÁN"": 12, ""TRIỆU_CHỨNG"": 29, ""TÊN_XÉT_NGHIỆM"": 2, ""KẾT_QUẢ_XÉT_NGHIỆM"": 1}"	"{""TRIỆU_CHỨNG"": 53, ""CHẨN_ĐOÁN"": 7, ""TÊN_XÉT_NGHIỆM"": 8, ""THUỐC"": 2, ""KẾT_QUẢ_XÉT_NGHIỆM"": 2}"
17	v7	46	56	23	30	23	33	5	8	4	3	"{""CHẨN_ĐOÁN"": 4, ""TRIỆU_CHỨNG"": 19, ""THUỐC"": 3, ""TÊN_XÉT_NGHIỆM"": 13, ""KẾT_QUẢ_XÉT_NGHIỆM"": 7}"	"{""CHẨN_ĐOÁN"": 3, ""TRIỆU_CHỨNG"": 31, ""TÊN_XÉT_NGHIỆM"": 18, ""KẾT_QUẢ_XÉT_NGHIỆM"": 1, ""THUỐC"": 3}"	v10	46	56	23	30	23	33	5	8	4	3	"{""CHẨN_ĐOÁN"": 4, ""TRIỆU_CHỨNG"": 19, ""THUỐC"": 3, ""TÊN_XÉT_NGHIỆM"": 13, ""KẾT_QUẢ_XÉT_NGHIỆM"": 7}"	"{""CHẨN_ĐOÁN"": 3, ""TRIỆU_CHỨNG"": 31, ""TÊN_XÉT_NGHIỆM"": 18, ""KẾT_QUẢ_XÉT_NGHIỆM"": 1, ""THUỐC"": 3}"
18	v7	13	16	5	8	8	11	4	5	0	3	"{""CHẨN_ĐOÁN"": 5, ""TRIỆU_CHỨNG"": 6, ""TÊN_XÉT_NGHIỆM"": 2}"	"{""TRIỆU_CHỨNG"": 11, ""TÊN_XÉT_NGHIỆM"": 5}"	v10	13	16	6	9	7	10	3	4	0	2	"{""CHẨN_ĐOÁN"": 5, ""TRIỆU_CHỨNG"": 6, ""TÊN_XÉT_NGHIỆM"": 2}"	"{""TRIỆU_CHỨNG"": 10, ""TÊN_XÉT_NGHIỆM"": 5, ""CHẨN_ĐOÁN"": 1}"
19	v7	18	25	9	12	9	16	5	6	6	2	"{""CHẨN_ĐOÁN"": 5, ""THUỐC"": 3, ""TRIỆU_CHỨNG"": 10}"	"{""TRIỆU_CHỨNG"": 20, ""TÊN_XÉT_NGHIỆM"": 2, ""THUỐC"": 3}"	v10	18	25	9	14	9	16	3	6	6	4	"{""CHẨN_ĐOÁN"": 5, ""THUỐC"": 3, ""TRIỆU_CHỨNG"": 10}"	"{""TRIỆU_CHỨNG"": 18, ""CHẨN_ĐOÁN"": 2, ""TÊN_XÉT_NGHIỆM"": 2, ""THUỐC"": 3}"
2	v7	7	11	5	6	2	6	1	2	0	1	"{""CHẨN_ĐOÁN"": 1, ""TRIỆU_CHỨNG"": 6}"	"{""TRIỆU_CHỨNG"": 7, ""CHẨN_ĐOÁN"": 2, ""TÊN_XÉT_NGHIỆM"": 2}"	v10	7	11	5	6	2	6	1	2	0	1	"{""CHẨN_ĐOÁN"": 1, ""TRIỆU_CHỨNG"": 6}"	"{""TRIỆU_CHỨNG"": 7, ""CHẨN_ĐOÁN"": 2, ""TÊN_XÉT_NGHIỆM"": 2}"
20	v7	48	79	19	29	29	60	15	16	12	7	"{""CHẨN_ĐOÁN"": 18, ""TÊN_XÉT_NGHIỆM"": 9, ""THUỐC"": 2, ""TRIỆU_CHỨNG"": 13, ""KẾT_QUẢ_XÉT_NGHIỆM"": 6}"	"{""TRIỆU_CHỨNG"": 44, ""CHẨN_ĐOÁN"": 15, ""TÊN_XÉT_NGHIỆM"": 17, ""THUỐC"": 2, ""KẾT_QUẢ_XÉT_NGHIỆM"": 1}"	v10	48	79	19	29	29	60	15	16	12	7	"{""CHẨN_ĐOÁN"": 18, ""TÊN_XÉT_NGHIỆM"": 9, ""THUỐC"": 2, ""TRIỆU_CHỨNG"": 13, ""KẾT_QUẢ_XÉT_NGHIỆM"": 6}"	"{""TRIỆU_CHỨNG"": 44, ""CHẨN_ĐOÁN"": 15, ""TÊN_XÉT_NGHIỆM"": 17, ""THUỐC"": 2, ""KẾT_QUẢ_XÉT_NGHIỆM"": 1}"
21	v7	5	9	0	1	5	9	4	1	3	4	"{""CHẨN_ĐOÁN"": 5}"	"{""TRIỆU_CHỨNG"": 6, ""CHẨN_ĐOÁN"": 2, ""TÊN_XÉT_NGHIỆM"": 1}"	v10	5	9	0	1	5	9	4	1	3	4	"{""CHẨN_ĐOÁN"": 5}"	"{""TRIỆU_CHỨNG"": 6, ""CHẨN_ĐOÁN"": 2, ""TÊN_XÉT_NGHIỆM"": 1}"
22	v7	5	6	2	3	3	4	2	2	2	2	"{""CHẨN_ĐOÁN"": 2, ""THUỐC"": 1, ""TRIỆU_CHỨNG"": 1, ""TÊN_XÉT_NGHIỆM"": 1}"	"{""TRIỆU_CHỨNG"": 3, ""THUỐC"": 1, ""TÊN_XÉT_NGHIỆM"": 2}"	v10	5	6	2	3	3	4	2	2	2	2	"{""CHẨN_ĐOÁN"": 2, ""THUỐC"": 1, ""TRIỆU_CHỨNG"": 1, ""TÊN_XÉT_NGHIỆM"": 1}"	"{""TRIỆU_CHỨNG"": 3, ""THUỐC"": 1, ""TÊN_XÉT_NGHIỆM"": 2}"
23	v7	51	57	12	29	39	45	15	23	26	12	"{""CHẨN_ĐOÁN"": 16, ""TRIỆU_CHỨNG"": 32, ""TÊN_XÉT_NGHIỆM"": 3}"	"{""TRIỆU_CHỨNG"": 47, ""CHẨN_ĐOÁN"": 5, ""TÊN_XÉT_NGHIỆM"": 4, ""KẾT_QUẢ_XÉT_NGHIỆM"": 1}"	v10	51	57	14	31	37	43	13	21	26	11	"{""CHẨN_ĐOÁN"": 16, ""TRIỆU_CHỨNG"": 32, ""TÊN_XÉT_NGHIỆM"": 3}"	"{""TRIỆU_CHỨNG"": 45, ""CHẨN_ĐOÁN"": 7, ""TÊN_XÉT_NGHIỆM"": 4, ""KẾT_QUẢ_XÉT_NGHIỆM"": 1}"
24	v7	19	32	9	18	10	23	1	10	3	1	"{""CHẨN_ĐOÁN"": 1, ""TRIỆU_CHỨNG"": 15, ""THUỐC"": 3}"	"{""TRIỆU_CHỨNG"": 21, ""TÊN_XÉT_NGHIỆM"": 8, ""THUỐC"": 3}"	v10	19	32	10	19	9	22	0	9	3	2	"{""CHẨN_ĐOÁN"": 1, ""TRIỆU_CHỨNG"": 15, ""THUỐC"": 3}"	"{""CHẨN_ĐOÁN"": 1, ""TRIỆU_CHỨNG"": 20, ""TÊN_XÉT_NGHIỆM"": 8, ""THUỐC"": 3}"
25	v7	4	5	3	3	1	2	1	0	2	1	"{""CHẨN_ĐOÁN"": 2, ""TRIỆU_CHỨNG"": 2}"	"{""CHẨN_ĐOÁN"": 1, ""TRIỆU_CHỨNG"": 3, ""TÊN_XÉT_NGHIỆM"": 1}"	v10	4	5	3	3	1	2	1	0	2	1	"{""CHẨN_ĐOÁN"": 2, ""TRIỆU_CHỨNG"": 2}"	"{""CHẨN_ĐOÁN"": 1, ""TRIỆU_CHỨNG"": 3, ""TÊN_XÉT_NGHIỆM"": 1}"
26	v7	1	6	0	0	1	6	1	0	1	1	"{""CHẨN_ĐOÁN"": 1}"	"{""TRIỆU_CHỨNG"": 5, ""TÊN_XÉT_NGHIỆM"": 1}"	v10	1	6	0	0	1	6	1	0	1	1	"{""CHẨN_ĐOÁN"": 1}"	"{""TRIỆU_CHỨNG"": 5, ""TÊN_XÉT_NGHIỆM"": 1}"
27	v7	18	36	9	14	9	27	4	6	6	6	"{""CHẨN_ĐOÁN"": 4, ""THUỐC"": 3, ""TRIỆU_CHỨNG"": 11}"	"{""TRIỆU_CHỨNG"": 22, ""CHẨN_ĐOÁN"": 2, ""TÊN_XÉT_NGHIỆM"": 5, ""THUỐC"": 5, ""KẾT_QUẢ_XÉT_NGHIỆM"": 2}"	v10	18	36	9	14	9	27	4	6	6	6	"{""CHẨN_ĐOÁN"": 4, ""THUỐC"": 3, ""TRIỆU_CHỨNG"": 11}"	"{""TRIỆU_CHỨNG"": 22, ""CHẨN_ĐOÁN"": 2, ""TÊN_XÉT_NGHIỆM"": 5, ""THUỐC"": 5, ""KẾT_QUẢ_XÉT_NGHIỆM"": 2}"
28	v7	36	65	24	29	12	41	4	11	1	3	"{""CHẨN_ĐOÁN"": 7, ""THUỐC"": 1, ""TRIỆU_CHỨNG"": 17, ""TÊN_XÉT_NGHIỆM"": 6, ""KẾT_QUẢ_XÉT_NGHIỆM"": 5}"	"{""TRIỆU_CHỨNG"": 36, ""TÊN_XÉT_NGHIỆM"": 14, ""CHẨN_ĐOÁN"": 12, ""THUỐC"": 2, ""KẾT_QUẢ_XÉT_NGHIỆM"": 1}"	v10	36	65	25	30	11	40	3	10	1	3	"{""CHẨN_ĐOÁN"": 7, ""THUỐC"": 1, ""TRIỆU_CHỨNG"": 17, ""TÊN_XÉT_NGHIỆM"": 6, ""KẾT_QUẢ_XÉT_NGHIỆM"": 5}"	"{""CHẨN_ĐOÁN"": 13, ""TRIỆU_CHỨNG"": 35, ""TÊN_XÉT_NGHIỆM"": 14, ""THUỐC"": 2, ""KẾT_QUẢ_XÉT_NGHIỆM"": 1}"
29	v7	7	9	6	7	1	3	0	2	1	0	"{""TRIỆU_CHỨNG"": 7}"	"{""TÊN_XÉT_NGHIỆM"": 1, ""TRIỆU_CHỨNG"": 8}"	v10	7	9	6	7	1	3	0	2	1	0	"{""TRIỆU_CHỨNG"": 7}"	"{""TÊN_XÉT_NGHIỆM"": 1, ""TRIỆU_CHỨNG"": 8}"
3	v7	65	165	34	49	31	131	9	20	9	7	"{""TRIỆU_CHỨNG"": 29, ""CHẨN_ĐOÁN"": 7, ""TÊN_XÉT_NGHIỆM"": 18, ""KẾT_QUẢ_XÉT_NGHIỆM"": 11}"	"{""TÊN_XÉT_NGHIỆM"": 32, ""TRIỆU_CHỨNG"": 129, ""CHẨN_ĐOÁN"": 1, ""KẾT_QUẢ_XÉT_NGHIỆM"": 3}"	v10	65	165	38	50	27	127	8	16	6	6	"{""TRIỆU_CHỨNG"": 29, ""CHẨN_ĐOÁN"": 7, ""TÊN_XÉT_NGHIỆM"": 18, ""KẾT_QUẢ_XÉT_NGHIỆM"": 11}"	"{""TÊN_XÉT_NGHIỆM"": 32, ""TRIỆU_CHỨNG"": 128, ""CHẨN_ĐOÁN"": 2, ""KẾT_QUẢ_XÉT_NGHIỆM"": 3}"
30	v7	13	25	5	7	8	20	6	3	8	5	"{""CHẨN_ĐOÁN"": 5, ""THUỐC"": 3, ""TRIỆU_CHỨNG"": 5}"	"{""TRIỆU_CHỨNG"": 12, ""CHẨN_ĐOÁN"": 2, ""THUỐC"": 8, ""TÊN_XÉT_NGHIỆM"": 3}"	v10	13	25	5	7	8	20	6	3	8	5	"{""CHẨN_ĐOÁN"": 5, ""THUỐC"": 3, ""TRIỆU_CHỨNG"": 5}"	"{""TRIỆU_CHỨNG"": 12, ""CHẨN_ĐOÁN"": 2, ""THUỐC"": 8, ""TÊN_XÉT_NGHIỆM"": 3}"
31	v7	4	3	1	2	3	2	0	1	0	0	"{""TRIỆU_CHỨNG"": 4}"	"{""TÊN_XÉT_NGHIỆM"": 1, ""TRIỆU_CHỨNG"": 2}"	v10	4	3	1	2	3	2	0	1	0	0	"{""TRIỆU_CHỨNG"": 4}"	"{""TÊN_XÉT_NGHIỆM"": 1, ""TRIỆU_CHỨNG"": 2}"
32	v7	48	48	14	29	34	34	12	21	21	8	"{""TRIỆU_CHỨNG"": 28, ""CHẨN_ĐOÁN"": 9, ""KẾT_QUẢ_XÉT_NGHIỆM"": 4, ""TÊN_XÉT_NGHIỆM"": 4, ""THUỐC"": 3}"	"{""TRIỆU_CHỨNG"": 33, ""THUỐC"": 5, ""TÊN_XÉT_NGHIỆM"": 6, ""KẾT_QUẢ_XÉT_NGHIỆM"": 2, ""CHẨN_ĐOÁN"": 2}"	v10	48	48	15	29	33	33	12	20	22	9	"{""TRIỆU_CHỨNG"": 28, ""CHẨN_ĐOÁN"": 9, ""KẾT_QUẢ_XÉT_NGHIỆM"": 4, ""TÊN_XÉT_NGHIỆM"": 4, ""THUỐC"": 3}"	"{""TRIỆU_CHỨNG"": 32, ""CHẨN_ĐOÁN"": 3, ""THUỐC"": 5, ""TÊN_XÉT_NGHIỆM"": 6, ""KẾT_QUẢ_XÉT_NGHIỆM"": 2}"
33	v7	20	39	8	16	12	31	5	7	5	9	"{""CHẨN_ĐOÁN"": 4, ""THUỐC"": 7, ""TRIỆU_CHỨNG"": 7, ""TÊN_XÉT_NGHIỆM"": 1, ""KẾT_QUẢ_XÉT_NGHIỆM"": 1}"	"{""TRIỆU_CHỨNG"": 29, ""CHẨN_ĐOÁN"": 2, ""THUỐC"": 7, ""TÊN_XÉT_NGHIỆM"": 1}"	v10	20	39	8	16	12	31	5	7	5	9	"{""CHẨN_ĐOÁN"": 4, ""THUỐC"": 7, ""TRIỆU_CHỨNG"": 7, ""TÊN_XÉT_NGHIỆM"": 1, ""KẾT_QUẢ_XÉT_NGHIỆM"": 1}"	"{""TRIỆU_CHỨNG"": 29, ""CHẨN_ĐOÁN"": 2, ""THUỐC"": 7, ""TÊN_XÉT_NGHIỆM"": 1}"
34	v7	18	37	9	15	9	28	3	5	0	4	"{""CHẨN_ĐOÁN"": 2, ""THUỐC"": 1, ""TRIỆU_CHỨNG"": 15}"	"{""TRIỆU_CHỨNG"": 24, ""CHẨN_ĐOÁN"": 5, ""TÊN_XÉT_NGHIỆM"": 5, ""THUỐC"": 3}"	v10	18	37	9	15	9	28	3	5	0	4	"{""CHẨN_ĐOÁN"": 2, ""THUỐC"": 1, ""TRIỆU_CHỨNG"": 15}"	"{""TRIỆU_CHỨNG"": 24, ""CHẨN_ĐOÁN"": 5, ""TÊN_XÉT_NGHIỆM"": 5, ""THUỐC"": 3}"
35	v7	50	54	22	37	28	32	12	14	2	11	"{""CHẨN_ĐOÁN"": 10, ""TRIỆU_CHỨNG"": 21, ""THUỐC"": 1, ""TÊN_XÉT_NGHIỆM"": 10, ""KẾT_QUẢ_XÉT_NGHIỆM"": 8}"	"{""TRIỆU_CHỨNG"": 28, ""THUỐC"": 4, ""CHẨN_ĐOÁN"": 7, ""TÊN_XÉT_NGHIỆM"": 8, ""KẾT_QUẢ_XÉT_NGHIỆM"": 7}"	v10	50	54	22	37	28	32	12	14	2	11	"{""CHẨN_ĐOÁN"": 10, ""TRIỆU_CHỨNG"": 21, ""THUỐC"": 1, ""TÊN_XÉT_NGHIỆM"": 10, ""KẾT_QUẢ_XÉT_NGHIỆM"": 8}"	"{""TRIỆU_CHỨNG"": 28, ""THUỐC"": 4, ""CHẨN_ĐOÁN"": 7, ""TÊN_XÉT_NGHIỆM"": 8, ""KẾT_QUẢ_XÉT_NGHIỆM"": 7}"
36	v7	48	60	14	22	34	46	15	14	4	8	"{""CHẨN_ĐOÁN"": 7, ""THUỐC"": 3, ""TÊN_XÉT_NGHIỆM"": 20, ""KẾT_QUẢ_XÉT_NGHIỆM"": 13, ""TRIỆU_CHỨNG"": 5}"	"{""TRIỆU_CHỨNG"": 16, ""TÊN_XÉT_NGHIỆM"": 12, ""THUỐC"": 18, ""KẾT_QUẢ_XÉT_NGHIỆM"": 14}"	v10	48	60	15	23	33	45	14	13	4	9	"{""CHẨN_ĐOÁN"": 7, ""THUỐC"": 3, ""TÊN_XÉT_NGHIỆM"": 20, ""KẾT_QUẢ_XÉT_NGHIỆM"": 13, ""TRIỆU_CHỨNG"": 5}"	"{""TRIỆU_CHỨNG"": 15, ""TÊN_XÉT_NGHIỆM"": 12, ""THUỐC"": 18, ""KẾT_QUẢ_XÉT_NGHIỆM"": 14, ""CHẨN_ĐOÁN"": 1}"
37	v7	39	54	15	26	24	39	8	17	8	9	"{""CHẨN_ĐOÁN"": 4, ""THUỐC"": 8, ""TRIỆU_CHỨNG"": 3, ""TÊN_XÉT_NGHIỆM"": 13, ""KẾT_QUẢ_XÉT_NGHIỆM"": 11}"	"{""TÊN_XÉT_NGHIỆM"": 14, ""TRIỆU_CHỨNG"": 12, ""CHẨN_ĐOÁN"": 2, ""THUỐC"": 19, ""KẾT_QUẢ_XÉT_NGHIỆM"": 7}"	v10	39	54	16	27	23	38	7	16	8	8	"{""CHẨN_ĐOÁN"": 4, ""THUỐC"": 8, ""TRIỆU_CHỨNG"": 3, ""TÊN_XÉT_NGHIỆM"": 13, ""KẾT_QUẢ_XÉT_NGHIỆM"": 11}"	"{""TÊN_XÉT_NGHIỆM"": 14, ""TRIỆU_CHỨNG"": 11, ""CHẨN_ĐOÁN"": 3, ""THUỐC"": 19, ""KẾT_QUẢ_XÉT_NGHIỆM"": 7}"
38	v7	27	42	12	20	15	30	4	13	5	3	"{""CHẨN_ĐOÁN"": 4, ""TRIỆU_CHỨNG"": 11, ""TÊN_XÉT_NGHIỆM"": 6, ""KẾT_QUẢ_XÉT_NGHIỆM"": 6}"	"{""TRIỆU_CHỨNG"": 22, ""CHẨN_ĐOÁN"": 3, ""TÊN_XÉT_NGHIỆM"": 11, ""KẾT_QUẢ_XÉT_NGHIỆM"": 5, ""THUỐC"": 1}"	v10	27	42	12	20	15	30	4	13	5	3	"{""CHẨN_ĐOÁN"": 4, ""TRIỆU_CHỨNG"": 11, ""TÊN_XÉT_NGHIỆM"": 6, ""KẾT_QUẢ_XÉT_NGHIỆM"": 6}"	"{""TRIỆU_CHỨNG"": 22, ""CHẨN_ĐOÁN"": 3, ""TÊN_XÉT_NGHIỆM"": 11, ""KẾT_QUẢ_XÉT_NGHIỆM"": 5, ""THUỐC"": 1}"
39	v7	15	20	8	11	7	12	3	2	0	2	"{""TRIỆU_CHỨNG"": 9, ""TÊN_XÉT_NGHIỆM"": 2, ""KẾT_QUẢ_XÉT_NGHIỆM"": 1, ""CHẨN_ĐOÁN"": 3}"	"{""TRIỆU_CHỨNG"": 17, ""TÊN_XÉT_NGHIỆM"": 3}"	v10	15	20	8	11	7	12	3	2	0	2	"{""TRIỆU_CHỨNG"": 9, ""TÊN_XÉT_NGHIỆM"": 2, ""KẾT_QUẢ_XÉT_NGHIỆM"": 1, ""CHẨN_ĐOÁN"": 3}"	"{""TRIỆU_CHỨNG"": 17, ""TÊN_XÉT_NGHIỆM"": 3}"
4	v7	34	47	19	25	15	28	7	11	3	2	"{""THUỐC"": 1, ""TRIỆU_CHỨNG"": 19, ""TÊN_XÉT_NGHIỆM"": 7, ""CHẨN_ĐOÁN"": 5, ""KẾT_QUẢ_XÉT_NGHIỆM"": 2}"	"{""THUỐC"": 4, ""TRIỆU_CHỨNG"": 35, ""TÊN_XÉT_NGHIỆM"": 8}"	v10	34	47	21	27	13	26	5	8	3	1	"{""THUỐC"": 1, ""TRIỆU_CHỨNG"": 19, ""TÊN_XÉT_NGHIỆM"": 7, ""CHẨN_ĐOÁN"": 5, ""KẾT_QUẢ_XÉT_NGHIỆM"": 2}"	"{""THUỐC"": 4, ""TRIỆU_CHỨNG"": 32, ""TÊN_XÉT_NGHIỆM"": 8, ""CHẨN_ĐOÁN"": 3}"
40	v7	43	43	24	33	19	19	6	12	3	5	"{""CHẨN_ĐOÁN"": 6, ""THUỐC"": 5, ""TRIỆU_CHỨNG"": 22, ""TÊN_XÉT_NGHIỆM"": 5, ""KẾT_QUẢ_XÉT_NGHIỆM"": 5}"	"{""TRIỆU_CHỨNG"": 30, ""THUỐC"": 5, ""TÊN_XÉT_NGHIỆM"": 6, ""KẾT_QUẢ_XÉT_NGHIỆM"": 2}"	v10	43	43	24	33	19	19	6	12	3	5	"{""CHẨN_ĐOÁN"": 6, ""THUỐC"": 5, ""TRIỆU_CHỨNG"": 22, ""TÊN_XÉT_NGHIỆM"": 5, ""KẾT_QUẢ_XÉT_NGHIỆM"": 5}"	"{""TRIỆU_CHỨNG"": 30, ""THUỐC"": 5, ""TÊN_XÉT_NGHIỆM"": 6, ""KẾT_QUẢ_XÉT_NGHIỆM"": 2}"
41	v7	59	95	38	46	21	57	6	13	10	5	"{""TRIỆU_CHỨNG"": 33, ""CHẨN_ĐOÁN"": 15, ""THUỐC"": 4, ""TÊN_XÉT_NGHIỆM"": 5, ""KẾT_QUẢ_XÉT_NGHIỆM"": 2}"	"{""TRIỆU_CHỨNG"": 58, ""TÊN_XÉT_NGHIỆM"": 18, ""CHẨN_ĐOÁN"": 11, ""THUỐC"": 8}"	v10	59	95	39	46	20	56	6	12	10	6	"{""TRIỆU_CHỨNG"": 33, ""CHẨN_ĐOÁN"": 15, ""THUỐC"": 4, ""TÊN_XÉT_NGHIỆM"": 5, ""KẾT_QUẢ_XÉT_NGHIỆM"": 2}"	"{""TRIỆU_CHỨNG"": 58, ""TÊN_XÉT_NGHIỆM"": 18, ""CHẨN_ĐOÁN"": 11, ""THUỐC"": 8}"
42	v7	23	29	18	22	5	11	1	8	0	1	"{""THUỐC"": 1, ""TRIỆU_CHỨNG"": 22}"	"{""TRIỆU_CHỨNG"": 28, ""TÊN_XÉT_NGHIỆM"": 1}"	v10	23	29	18	22	5	11	1	8	0	1	"{""THUỐC"": 1, ""TRIỆU_CHỨNG"": 22}"	"{""TRIỆU_CHỨNG"": 28, ""TÊN_XÉT_NGHIỆM"": 1}"
43	v7	19	32	4	16	15	28	1	10	4	1	"{""CHẨN_ĐOÁN"": 6, ""TRIỆU_CHỨNG"": 9, ""TÊN_XÉT_NGHIỆM"": 3, ""KẾT_QUẢ_XÉT_NGHIỆM"": 1}"	"{""TÊN_XÉT_NGHIỆM"": 13, ""TRIỆU_CHỨNG"": 12, ""CHẨN_ĐOÁN"": 5, ""THUỐC"": 2}"	v10	19	32	4	16	15	28	1	10	4	1	"{""CHẨN_ĐOÁN"": 6, ""TRIỆU_CHỨNG"": 9, ""TÊN_XÉT_NGHIỆM"": 3, ""KẾT_QUẢ_XÉT_NGHIỆM"": 1}"	"{""TÊN_XÉT_NGHIỆM"": 13, ""TRIỆU_CHỨNG"": 12, ""CHẨN_ĐOÁN"": 5, ""THUỐC"": 2}"
44	v7	45	71	24	38	21	47	7	13	4	7	"{""CHẨN_ĐOÁN"": 4, ""TRIỆU_CHỨNG"": 33, ""THUỐC"": 8}"	"{""TRIỆU_CHỨNG"": 55, ""CHẨN_ĐOÁN"": 4, ""TÊN_XÉT_NGHIỆM"": 6, ""THUỐC"": 6}"	v10	45	71	24	38	21	47	7	13	4	7	"{""CHẨN_ĐOÁN"": 4, ""TRIỆU_CHỨNG"": 33, ""THUỐC"": 8}"	"{""TRIỆU_CHỨNG"": 55, ""CHẨN_ĐOÁN"": 4, ""TÊN_XÉT_NGHIỆM"": 6, ""THUỐC"": 6}"
45	v7	10	17	0	1	10	17	8	3	4	6	"{""CHẨN_ĐOÁN"": 6, ""TÊN_XÉT_NGHIỆM"": 2, ""KẾT_QUẢ_XÉT_NGHIỆM"": 2}"	"{""TRIỆU_CHỨNG"": 12, ""TÊN_XÉT_NGHIỆM"": 5}"	v10	10	17	0	1	10	17	8	3	4	6	"{""CHẨN_ĐOÁN"": 6, ""TÊN_XÉT_NGHIỆM"": 2, ""KẾT_QUẢ_XÉT_NGHIỆM"": 2}"	"{""TRIỆU_CHỨNG"": 12, ""TÊN_XÉT_NGHIỆM"": 5}"
46	v7	1	21	0	0	1	21	1	0	0	1	"{""CHẨN_ĐOÁN"": 1}"	"{""TRIỆU_CHỨNG"": 10, ""TÊN_XÉT_NGHIỆM"": 9, ""CHẨN_ĐOÁN"": 1, ""KẾT_QUẢ_XÉT_NGHIỆM"": 1}"	v10	1	21	0	0	1	21	1	0	0	1	"{""CHẨN_ĐOÁN"": 1}"	"{""TRIỆU_CHỨNG"": 10, ""TÊN_XÉT_NGHIỆM"": 9, ""CHẨN_ĐOÁN"": 1, ""KẾT_QUẢ_XÉT_NGHIỆM"": 1}"
47	v7	32	32	14	19	18	18	9	10	1	7	"{""CHẨN_ĐOÁN"": 4, ""TRIỆU_CHỨNG"": 16, ""TÊN_XÉT_NGHIỆM"": 7, ""KẾT_QUẢ_XÉT_NGHIỆM"": 5}"	"{""TRIỆU_CHỨNG"": 21, ""TÊN_XÉT_NGHIỆM"": 6, ""THUỐC"": 3, ""KẾT_QUẢ_XÉT_NGHIỆM"": 2}"	v10	32	32	15	20	17	17	8	9	1	7	"{""CHẨN_ĐOÁN"": 4, ""TRIỆU_CHỨNG"": 16, ""TÊN_XÉT_NGHIỆM"": 7, ""KẾT_QUẢ_XÉT_NGHIỆM"": 5}"	"{""TRIỆU_CHỨNG"": 20, ""TÊN_XÉT_NGHIỆM"": 6, ""THUỐC"": 3, ""KẾT_QUẢ_XÉT_NGHIỆM"": 2, ""CHẨN_ĐOÁN"": 1}"
48	v7	34	67	23	26	11	44	5	8	14	2	"{""TRIỆU_CHỨNG"": 27, ""TÊN_XÉT_NGHIỆM"": 3, ""CHẨN_ĐOÁN"": 4}"	"{""TRIỆU_CHỨNG"": 62, ""TÊN_XÉT_NGHIỆM"": 4, ""CHẨN_ĐOÁN"": 1}"	v10	34	67	23	26	11	44	5	8	14	2	"{""TRIỆU_CHỨNG"": 27, ""TÊN_XÉT_NGHIỆM"": 3, ""CHẨN_ĐOÁN"": 4}"	"{""TRIỆU_CHỨNG"": 62, ""TÊN_XÉT_NGHIỆM"": 4, ""CHẨN_ĐOÁN"": 1}"
49	v7	24	21	8	18	16	13	3	8	3	1	"{""TRIỆU_CHỨNG"": 21, ""CHẨN_ĐOÁN"": 3}"	"{""TRIỆU_CHỨNG"": 20, ""CHẨN_ĐOÁN"": 1}"	v10	24	21	8	18	16	13	3	8	3	1	"{""TRIỆU_CHỨNG"": 21, ""CHẨN_ĐOÁN"": 3}"	"{""TRIỆU_CHỨNG"": 20, ""CHẨN_ĐOÁN"": 1}"
5	v7	39	41	19	25	20	22	6	6	4	4	"{""CHẨN_ĐOÁN"": 6, ""TRIỆU_CHỨNG"": 12, ""TÊN_XÉT_NGHIỆM"": 13, ""KẾT_QUẢ_XÉT_NGHIỆM"": 5, ""THUỐC"": 3}"	"{""TRIỆU_CHỨNG"": 15, ""CHẨN_ĐOÁN"": 5, ""TÊN_XÉT_NGHIỆM"": 13, ""KẾT_QUẢ_XÉT_NGHIỆM"": 3, ""THUỐC"": 5}"	v10	39	41	20	25	19	21	6	5	4	4	"{""CHẨN_ĐOÁN"": 6, ""TRIỆU_CHỨNG"": 12, ""TÊN_XÉT_NGHIỆM"": 13, ""KẾT_QUẢ_XÉT_NGHIỆM"": 5, ""THUỐC"": 3}"	"{""TRIỆU_CHỨNG"": 15, ""CHẨN_ĐOÁN"": 5, ""TÊN_XÉT_NGHIỆM"": 13, ""KẾT_QUẢ_XÉT_NGHIỆM"": 3, ""THUỐC"": 5}"
50	v7	44	60	20	36	24	40	6	15	3	4	"{""CHẨN_ĐOÁN"": 4, ""THUỐC"": 10, ""TRIỆU_CHỨNG"": 27, ""TÊN_XÉT_NGHIỆM"": 2, ""KẾT_QUẢ_XÉT_NGHIỆM"": 1}"	"{""CHẨN_ĐOÁN"": 5, ""THUỐC"": 16, ""TÊN_XÉT_NGHIỆM"": 7, ""TRIỆU_CHỨNG"": 32}"	v10	44	60	20	36	24	40	6	15	3	4	"{""CHẨN_ĐOÁN"": 4, ""THUỐC"": 10, ""TRIỆU_CHỨNG"": 27, ""TÊN_XÉT_NGHIỆM"": 2, ""KẾT_QUẢ_XÉT_NGHIỆM"": 1}"	"{""CHẨN_ĐOÁN"": 5, ""THUỐC"": 16, ""TÊN_XÉT_NGHIỆM"": 7, ""TRIỆU_CHỨNG"": 32}"
51	v7	27	23	10	11	17	13	4	4	2	4	"{""CHẨN_ĐOÁN"": 4, ""TRIỆU_CHỨNG"": 12, ""TÊN_XÉT_NGHIỆM"": 5, ""KẾT_QUẢ_XÉT_NGHIỆM"": 5, ""THUỐC"": 1}"	"{""TRIỆU_CHỨNG"": 14, ""TÊN_XÉT_NGHIỆM"": 5, ""THUỐC"": 1, ""KẾT_QUẢ_XÉT_NGHIỆM"": 2, ""CHẨN_ĐOÁN"": 1}"	v10	27	23	11	12	16	12	3	3	2	3	"{""CHẨN_ĐOÁN"": 4, ""TRIỆU_CHỨNG"": 12, ""TÊN_XÉT_NGHIỆM"": 5, ""KẾT_QUẢ_XÉT_NGHIỆM"": 5, ""THUỐC"": 1}"	"{""TRIỆU_CHỨNG"": 13, ""TÊN_XÉT_NGHIỆM"": 5, ""THUỐC"": 1, ""KẾT_QUẢ_XÉT_NGHIỆM"": 2, ""CHẨN_ĐOÁN"": 2}"
52	v7	10	22	1	5	9	21	3	5	1	2	"{""CHẨN_ĐOÁN"": 2, ""TRIỆU_CHỨNG"": 4, ""THUỐC"": 1, ""TÊN_XÉT_NGHIỆM"": 2, ""KẾT_QUẢ_XÉT_NGHIỆM"": 1}"	"{""TÊN_XÉT_NGHIỆM"": 11, ""TRIỆU_CHỨNG"": 8, ""THUỐC"": 2, ""CHẨN_ĐOÁN"": 1}"	v10	10	22	1	5	9	21	3	5	1	2	"{""CHẨN_ĐOÁN"": 2, ""TRIỆU_CHỨNG"": 4, ""THUỐC"": 1, ""TÊN_XÉT_NGHIỆM"": 2, ""KẾT_QUẢ_XÉT_NGHIỆM"": 1}"	"{""TÊN_XÉT_NGHIỆM"": 11, ""TRIỆU_CHỨNG"": 8, ""THUỐC"": 2, ""CHẨN_ĐOÁN"": 1}"
53	v7	11	28	4	10	7	24	2	7	10	3	"{""CHẨN_ĐOÁN"": 7, ""TRIỆU_CHỨNG"": 4}"	"{""TRIỆU_CHỨNG"": 17, ""CHẨN_ĐOÁN"": 6, ""TÊN_XÉT_NGHIỆM"": 5}"	v10	11	28	4	10	7	24	2	7	10	3	"{""CHẨN_ĐOÁN"": 7, ""TRIỆU_CHỨNG"": 4}"	"{""TRIỆU_CHỨNG"": 17, ""CHẨN_ĐOÁN"": 6, ""TÊN_XÉT_NGHIỆM"": 5}"
54	v7	48	74	20	36	28	54	12	20	5	10	"{""CHẨN_ĐOÁN"": 12, ""THUỐC"": 8, ""TRIỆU_CHỨNG"": 17, ""TÊN_XÉT_NGHIỆM"": 5, ""KẾT_QUẢ_XÉT_NGHIỆM"": 6}"	"{""TRIỆU_CHỨNG"": 32, ""CHẨN_ĐOÁN"": 11, ""TÊN_XÉT_NGHIỆM"": 18, ""THUỐC"": 8, ""KẾT_QUẢ_XÉT_NGHIỆM"": 5}"	v10	48	74	20	36	28	54	12	20	5	10	"{""CHẨN_ĐOÁN"": 12, ""THUỐC"": 8, ""TRIỆU_CHỨNG"": 17, ""TÊN_XÉT_NGHIỆM"": 5, ""KẾT_QUẢ_XÉT_NGHIỆM"": 6}"	"{""TRIỆU_CHỨNG"": 32, ""CHẨN_ĐOÁN"": 11, ""TÊN_XÉT_NGHIỆM"": 18, ""THUỐC"": 8, ""KẾT_QUẢ_XÉT_NGHIỆM"": 5}"
55	v7	4	4	4	4	0	0	0	0	0	0	"{""TRIỆU_CHỨNG"": 4}"	"{""TRIỆU_CHỨNG"": 4}"	v10	4	4	4	4	0	0	0	0	0	0	"{""TRIỆU_CHỨNG"": 4}"	"{""TRIỆU_CHỨNG"": 4}"
56	v7	20	35	4	9	16	31	3	6	4	0	"{""CHẨN_ĐOÁN"": 3, ""TÊN_XÉT_NGHIỆM"": 11, ""TRIỆU_CHỨNG"": 5, ""KẾT_QUẢ_XÉT_NGHIỆM"": 1}"	"{""TRIỆU_CHỨNG"": 22, ""TÊN_XÉT_NGHIỆM"": 10, ""KẾT_QUẢ_XÉT_NGHIỆM"": 3}"	v10	20	35	4	9	16	31	3	6	4	0	"{""CHẨN_ĐOÁN"": 3, ""TÊN_XÉT_NGHIỆM"": 11, ""TRIỆU_CHỨNG"": 5, ""KẾT_QUẢ_XÉT_NGHIỆM"": 1}"	"{""TRIỆU_CHỨNG"": 22, ""TÊN_XÉT_NGHIỆM"": 10, ""KẾT_QUẢ_XÉT_NGHIỆM"": 3}"
57	v7	4	8	2	2	2	6	1	1	0	0	"{""CHẨN_ĐOÁN"": 1, ""TRIỆU_CHỨNG"": 1, ""TÊN_XÉT_NGHIỆM"": 1, ""KẾT_QUẢ_XÉT_NGHIỆM"": 1}"	"{""TÊN_XÉT_NGHIỆM"": 4, ""CHẨN_ĐOÁN"": 2, ""TRIỆU_CHỨNG"": 2}"	v10	4	8	2	2	2	6	1	1	0	1	"{""CHẨN_ĐOÁN"": 1, ""TRIỆU_CHỨNG"": 1, ""TÊN_XÉT_NGHIỆM"": 1, ""KẾT_QUẢ_XÉT_NGHIỆM"": 1}"	"{""TÊN_XÉT_NGHIỆM"": 4, ""CHẨN_ĐOÁN"": 3, ""TRIỆU_CHỨNG"": 1}"
58	v7	53	78	30	45	23	48	8	16	9	5	"{""CHẨN_ĐOÁN"": 5, ""TRIỆU_CHỨNG"": 30, ""TÊN_XÉT_NGHIỆM"": 8, ""KẾT_QUẢ_XÉT_NGHIỆM"": 6, ""THUỐC"": 4}"	"{""TRIỆU_CHỨNG"": 51, ""CHẨN_ĐOÁN"": 5, ""TÊN_XÉT_NGHIỆM"": 13, ""KẾT_QUẢ_XÉT_NGHIỆM"": 6, ""THUỐC"": 3}"	v10	53	78	30	46	23	48	7	16	9	6	"{""CHẨN_ĐOÁN"": 5, ""TRIỆU_CHỨNG"": 30, ""TÊN_XÉT_NGHIỆM"": 8, ""KẾT_QUẢ_XÉT_NGHIỆM"": 6, ""THUỐC"": 4}"	"{""TRIỆU_CHỨNG"": 50, ""CHẨN_ĐOÁN"": 6, ""TÊN_XÉT_NGHIỆM"": 13, ""KẾT_QUẢ_XÉT_NGHIỆM"": 6, ""THUỐC"": 3}"
59	v7	25	40	12	20	13	28	5	9	4	3	"{""TÊN_XÉT_NGHIỆM"": 3, ""TRIỆU_CHỨNG"": 17, ""CHẨN_ĐOÁN"": 5}"	"{""TÊN_XÉT_NGHIỆM"": 13, ""TRIỆU_CHỨNG"": 27}"	v10	25	40	12	20	13	28	5	9	4	3	"{""TÊN_XÉT_NGHIỆM"": 3, ""TRIỆU_CHỨNG"": 17, ""CHẨN_ĐOÁN"": 5}"	"{""TÊN_XÉT_NGHIỆM"": 13, ""TRIỆU_CHỨNG"": 27}"
6	v7	6	7	2	3	4	5	0	1	0	0	"{""CHẨN_ĐOÁN"": 1, ""TÊN_XÉT_NGHIỆM"": 2, ""KẾT_QUẢ_XÉT_NGHIỆM"": 3}"	"{""CHẨN_ĐOÁN"": 2, ""TÊN_XÉT_NGHIỆM"": 3, ""TRIỆU_CHỨNG"": 2}"	v10	6	7	2	3	4	5	0	1	0	0	"{""CHẨN_ĐOÁN"": 1, ""TÊN_XÉT_NGHIỆM"": 2, ""KẾT_QUẢ_XÉT_NGHIỆM"": 3}"	"{""CHẨN_ĐOÁN"": 2, ""TÊN_XÉT_NGHIỆM"": 3, ""TRIỆU_CHỨNG"": 2}"
60	v7	5	11	3	4	2	8	1	1	2	2	"{""CHẨN_ĐOÁN"": 3, ""TRIỆU_CHỨNG"": 2}"	"{""TÊN_XÉT_NGHIỆM"": 4, ""TRIỆU_CHỨNG"": 5, ""CHẨN_ĐOÁN"": 2}"	v10	5	11	3	4	2	8	1	1	2	2	"{""CHẨN_ĐOÁN"": 3, ""TRIỆU_CHỨNG"": 2}"	"{""TÊN_XÉT_NGHIỆM"": 4, ""TRIỆU_CHỨNG"": 5, ""CHẨN_ĐOÁN"": 2}"
61	v7	11	12	5	6	6	7	1	2	0	0	"{""TRIỆU_CHỨNG"": 7, ""TÊN_XÉT_NGHIỆM"": 2, ""KẾT_QUẢ_XÉT_NGHIỆM"": 2}"	"{""TRIỆU_CHỨNG"": 7, ""TÊN_XÉT_NGHIỆM"": 5}"	v10	11	12	5	6	6	7	1	2	0	0	"{""TRIỆU_CHỨNG"": 7, ""TÊN_XÉT_NGHIỆM"": 2, ""KẾT_QUẢ_XÉT_NGHIỆM"": 2}"	"{""TRIỆU_CHỨNG"": 7, ""TÊN_XÉT_NGHIỆM"": 5}"
62	v7	4	8	4	4	0	4	0	0	4	0	"{""TRIỆU_CHỨNG"": 4}"	"{""TÊN_XÉT_NGHIỆM"": 4, ""TRIỆU_CHỨNG"": 4}"	v10	4	8	4	4	0	4	0	0	4	0	"{""TRIỆU_CHỨNG"": 4}"	"{""TÊN_XÉT_NGHIỆM"": 4, ""TRIỆU_CHỨNG"": 4}"
63	v7	3	38	0	0	3	38	2	1	0	2	"{""CHẨN_ĐOÁN"": 1, ""TRIỆU_CHỨNG"": 1, ""THUỐC"": 1}"	"{""TRIỆU_CHỨNG"": 23, ""TÊN_XÉT_NGHIỆM"": 6, ""THUỐC"": 6, ""KẾT_QUẢ_XÉT_NGHIỆM"": 2, ""CHẨN_ĐOÁN"": 1}"	v10	3	38	0	0	3	38	2	1	0	2	"{""CHẨN_ĐOÁN"": 1, ""TRIỆU_CHỨNG"": 1, ""THUỐC"": 1}"	"{""TRIỆU_CHỨNG"": 22, ""TÊN_XÉT_NGHIỆM"": 6, ""THUỐC"": 6, ""KẾT_QUẢ_XÉT_NGHIỆM"": 2, ""CHẨN_ĐOÁN"": 2}"
64	v7	27	45	13	26	14	32	1	14	9	3	"{""CHẨN_ĐOÁN"": 4, ""THUỐC"": 6, ""TRIỆU_CHỨNG"": 17}"	"{""CHẨN_ĐOÁN"": 5, ""THUỐC"": 5, ""TRIỆU_CHỨNG"": 31, ""TÊN_XÉT_NGHIỆM"": 4}"	v10	27	45	13	26	14	32	1	14	9	3	"{""CHẨN_ĐOÁN"": 4, ""THUỐC"": 6, ""TRIỆU_CHỨNG"": 17}"	"{""CHẨN_ĐOÁN"": 5, ""THUỐC"": 5, ""TRIỆU_CHỨNG"": 31, ""TÊN_XÉT_NGHIỆM"": 4}"
65	v7	8	14	5	6	3	9	1	2	1	0	"{""THUỐC"": 1, ""TRIỆU_CHỨNG"": 3, ""TÊN_XÉT_NGHIỆM"": 2, ""KẾT_QUẢ_XÉT_NGHIỆM"": 2}"	"{""TRIỆU_CHỨNG"": 9, ""TÊN_XÉT_NGHIỆM"": 3, ""KẾT_QUẢ_XÉT_NGHIỆM"": 2}"	v10	8	14	5	6	3	9	1	2	1	0	"{""THUỐC"": 1, ""TRIỆU_CHỨNG"": 3, ""TÊN_XÉT_NGHIỆM"": 2, ""KẾT_QUẢ_XÉT_NGHIỆM"": 2}"	"{""TRIỆU_CHỨNG"": 9, ""TÊN_XÉT_NGHIỆM"": 3, ""KẾT_QUẢ_XÉT_NGHIỆM"": 2}"
66	v7	31	41	5	17	26	36	8	17	10	6	"{""CHẨN_ĐOÁN"": 7, ""TRIỆU_CHỨNG"": 5, ""THUỐC"": 1, ""TÊN_XÉT_NGHIỆM"": 11, ""KẾT_QUẢ_XÉT_NGHIỆM"": 7}"	"{""TRIỆU_CHỨNG"": 18, ""CHẨN_ĐOÁN"": 2, ""TÊN_XÉT_NGHIỆM"": 16, ""THUỐC"": 3, ""KẾT_QUẢ_XÉT_NGHIỆM"": 2}"	v10	31	41	5	17	26	36	8	17	10	6	"{""CHẨN_ĐOÁN"": 7, ""TRIỆU_CHỨNG"": 5, ""THUỐC"": 1, ""TÊN_XÉT_NGHIỆM"": 11, ""KẾT_QUẢ_XÉT_NGHIỆM"": 7}"	"{""TRIỆU_CHỨNG"": 18, ""CHẨN_ĐOÁN"": 2, ""TÊN_XÉT_NGHIỆM"": 16, ""THUỐC"": 3, ""KẾT_QUẢ_XÉT_NGHIỆM"": 2}"
67	v7	8	10	3	5	5	7	1	2	0	3	"{""TÊN_XÉT_NGHIỆM"": 3, ""CHẨN_ĐOÁN"": 4, ""TRIỆU_CHỨNG"": 1}"	"{""TÊN_XÉT_NGHIỆM"": 5, ""CHẨN_ĐOÁN"": 3, ""TRIỆU_CHỨNG"": 2}"	v10	8	10	3	5	5	7	1	2	0	3	"{""TÊN_XÉT_NGHIỆM"": 3, ""CHẨN_ĐOÁN"": 4, ""TRIỆU_CHỨNG"": 1}"	"{""TÊN_XÉT_NGHIỆM"": 5, ""CHẨN_ĐOÁN"": 3, ""TRIỆU_CHỨNG"": 2}"
68	v7	5	6	3	4	2	3	1	1	0	1	"{""CHẨN_ĐOÁN"": 2, ""TRIỆU_CHỨNG"": 3}"	"{""TRIỆU_CHỨNG"": 5, ""CHẨN_ĐOÁN"": 1}"	v10	5	6	3	4	2	3	1	1	0	1	"{""CHẨN_ĐOÁN"": 2, ""TRIỆU_CHỨNG"": 3}"	"{""TRIỆU_CHỨNG"": 5, ""CHẨN_ĐOÁN"": 1}"
69	v7	22	29	9	11	13	20	10	7	3	1	"{""CHẨN_ĐOÁN"": 10, ""TRIỆU_CHỨNG"": 6, ""TÊN_XÉT_NGHIỆM"": 5, ""KẾT_QUẢ_XÉT_NGHIỆM"": 1}"	"{""TÊN_XÉT_NGHIỆM"": 10, ""TRIỆU_CHỨNG"": 16, ""THUỐC"": 2, ""KẾT_QUẢ_XÉT_NGHIỆM"": 1}"	v10	22	29	9	11	13	20	10	7	3	1	"{""CHẨN_ĐOÁN"": 10, ""TRIỆU_CHỨNG"": 6, ""TÊN_XÉT_NGHIỆM"": 5, ""KẾT_QUẢ_XÉT_NGHIỆM"": 1}"	"{""TÊN_XÉT_NGHIỆM"": 10, ""TRIỆU_CHỨNG"": 16, ""THUỐC"": 2, ""KẾT_QUẢ_XÉT_NGHIỆM"": 1}"
7	v7	17	57	11	13	6	46	4	5	2	1	"{""CHẨN_ĐOÁN"": 3, ""THUỐC"": 1, ""TRIỆU_CHỨNG"": 7, ""TÊN_XÉT_NGHIỆM"": 5, ""KẾT_QUẢ_XÉT_NGHIỆM"": 1}"	"{""TRIỆU_CHỨNG"": 46, ""CHẨN_ĐOÁN"": 1, ""THUỐC"": 1, ""TÊN_XÉT_NGHIỆM"": 8, ""KẾT_QUẢ_XÉT_NGHIỆM"": 1}"	v10	17	57	11	13	6	46	4	5	2	1	"{""CHẨN_ĐOÁN"": 3, ""THUỐC"": 1, ""TRIỆU_CHỨNG"": 7, ""TÊN_XÉT_NGHIỆM"": 5, ""KẾT_QUẢ_XÉT_NGHIỆM"": 1}"	"{""TRIỆU_CHỨNG"": 46, ""CHẨN_ĐOÁN"": 1, ""THUỐC"": 1, ""TÊN_XÉT_NGHIỆM"": 8, ""KẾT_QUẢ_XÉT_NGHIỆM"": 1}"
70	v7	56	64	33	39	23	31	7	7	3	3	"{""TRIỆU_CHỨNG"": 17, ""THUỐC"": 3, ""CHẨN_ĐOÁN"": 5, ""TÊN_XÉT_NGHIỆM"": 19, ""KẾT_QUẢ_XÉT_NGHIỆM"": 12}"	"{""TRIỆU_CHỨNG"": 30, ""THUỐC"": 5, ""TÊN_XÉT_NGHIỆM"": 21, ""KẾT_QUẢ_XÉT_NGHIỆM"": 8}"	v10	56	64	33	39	23	31	7	7	3	3	"{""TRIỆU_CHỨNG"": 17, ""THUỐC"": 3, ""CHẨN_ĐOÁN"": 5, ""TÊN_XÉT_NGHIỆM"": 19, ""KẾT_QUẢ_XÉT_NGHIỆM"": 12}"	"{""TRIỆU_CHỨNG"": 30, ""THUỐC"": 5, ""TÊN_XÉT_NGHIỆM"": 21, ""KẾT_QUẢ_XÉT_NGHIỆM"": 8}"
71	v7	29	36	12	16	17	24	15	6	7	8	"{""CHẨN_ĐOÁN"": 11, ""THUỐC"": 2, ""TRIỆU_CHỨNG"": 10, ""TÊN_XÉT_NGHIỆM"": 3, ""KẾT_QUẢ_XÉT_NGHIỆM"": 3}"	"{""TRIỆU_CHỨNG"": 27, ""CHẨN_ĐOÁN"": 5, ""TÊN_XÉT_NGHIỆM"": 2, ""THUỐC"": 2}"	v10	29	36	12	16	17	24	15	6	7	8	"{""CHẨN_ĐOÁN"": 11, ""THUỐC"": 2, ""TRIỆU_CHỨNG"": 10, ""TÊN_XÉT_NGHIỆM"": 3, ""KẾT_QUẢ_XÉT_NGHIỆM"": 3}"	"{""TRIỆU_CHỨNG"": 27, ""CHẨN_ĐOÁN"": 5, ""TÊN_XÉT_NGHIỆM"": 2, ""THUỐC"": 2}"
72	v7	25	26	7	13	18	19	4	8	2	2	"{""TRIỆU_CHỨNG"": 2, ""TÊN_XÉT_NGHIỆM"": 11, ""KẾT_QUẢ_XÉT_NGHIỆM"": 7, ""CHẨN_ĐOÁN"": 5}"	"{""TÊN_XÉT_NGHIỆM"": 18, ""TRIỆU_CHỨNG"": 6, ""THUỐC"": 1, ""CHẨN_ĐOÁN"": 1}"	v10	25	26	7	13	18	19	4	8	2	2	"{""TRIỆU_CHỨNG"": 2, ""TÊN_XÉT_NGHIỆM"": 11, ""KẾT_QUẢ_XÉT_NGHIỆM"": 7, ""CHẨN_ĐOÁN"": 5}"	"{""TÊN_XÉT_NGHIỆM"": 18, ""TRIỆU_CHỨNG"": 6, ""THUỐC"": 1, ""CHẨN_ĐOÁN"": 1}"
73	v7	28	42	18	18	10	24	11	6	7	11	"{""TRIỆU_CHỨNG"": 7, ""CHẨN_ĐOÁN"": 14, ""THUỐC"": 7}"	"{""TRIỆU_CHỨNG"": 22, ""CHẨN_ĐOÁN"": 4, ""TÊN_XÉT_NGHIỆM"": 7, ""THUỐC"": 9}"	v10	28	42	18	18	10	24	11	6	7	11	"{""TRIỆU_CHỨNG"": 7, ""CHẨN_ĐOÁN"": 14, ""THUỐC"": 7}"	"{""TRIỆU_CHỨNG"": 22, ""CHẨN_ĐOÁN"": 4, ""TÊN_XÉT_NGHIỆM"": 7, ""THUỐC"": 9}"
74	v7	26	43	14	21	12	29	5	9	21	3	"{""THUỐC"": 3, ""CHẨN_ĐOÁN"": 2, ""TRIỆU_CHỨNG"": 17, ""TÊN_XÉT_NGHIỆM"": 2, ""KẾT_QUẢ_XÉT_NGHIỆM"": 2}"	"{""TÊN_XÉT_NGHIỆM"": 8, ""THUỐC"": 6, ""TRIỆU_CHỨNG"": 27, ""CHẨN_ĐOÁN"": 1, ""KẾT_QUẢ_XÉT_NGHIỆM"": 1}"	v10	26	43	14	21	12	29	5	9	21	3	"{""THUỐC"": 3, ""CHẨN_ĐOÁN"": 2, ""TRIỆU_CHỨNG"": 17, ""TÊN_XÉT_NGHIỆM"": 2, ""KẾT_QUẢ_XÉT_NGHIỆM"": 2}"	"{""TÊN_XÉT_NGHIỆM"": 8, ""THUỐC"": 6, ""TRIỆU_CHỨNG"": 27, ""CHẨN_ĐOÁN"": 1, ""KẾT_QUẢ_XÉT_NGHIỆM"": 1}"
75	v7	26	44	14	20	12	30	1	6	12	0	"{""CHẨN_ĐOÁN"": 1, ""TRIỆU_CHỨNG"": 10, ""TÊN_XÉT_NGHIỆM"": 4, ""KẾT_QUẢ_XÉT_NGHIỆM"": 6, ""THUỐC"": 5}"	"{""TRIỆU_CHỨNG"": 12, ""TÊN_XÉT_NGHIỆM"": 21, ""THUỐC"": 9, ""KẾT_QUẢ_XÉT_NGHIỆM"": 2}"	v10	26	44	15	20	11	29	1	5	12	0	"{""CHẨN_ĐOÁN"": 1, ""TRIỆU_CHỨNG"": 10, ""TÊN_XÉT_NGHIỆM"": 4, ""KẾT_QUẢ_XÉT_NGHIỆM"": 6, ""THUỐC"": 5}"	"{""TRIỆU_CHỨNG"": 12, ""TÊN_XÉT_NGHIỆM"": 21, ""THUỐC"": 9, ""KẾT_QUẢ_XÉT_NGHIỆM"": 2}"
76	v7	33	42	18	25	15	24	5	7	6	8	"{""CHẨN_ĐOÁN"": 4, ""THUỐC"": 6, ""TRIỆU_CHỨNG"": 13, ""TÊN_XÉT_NGHIỆM"": 5, ""KẾT_QUẢ_XÉT_NGHIỆM"": 5}"	"{""TRIỆU_CHỨNG"": 23, ""TÊN_XÉT_NGHIỆM"": 8, ""THUỐC"": 7, ""KẾT_QUẢ_XÉT_NGHIỆM"": 4}"	v10	33	42	18	25	15	24	5	7	6	8	"{""CHẨN_ĐOÁN"": 4, ""THUỐC"": 6, ""TRIỆU_CHỨNG"": 13, ""TÊN_XÉT_NGHIỆM"": 5, ""KẾT_QUẢ_XÉT_NGHIỆM"": 5}"	"{""TRIỆU_CHỨNG"": 23, ""TÊN_XÉT_NGHIỆM"": 8, ""THUỐC"": 7, ""KẾT_QUẢ_XÉT_NGHIỆM"": 4}"
77	v7	17	25	7	12	10	18	3	8	6	3	"{""TRIỆU_CHỨNG"": 11, ""CHẨN_ĐOÁN"": 3, ""THUỐC"": 3}"	"{""THUỐC"": 8, ""TRIỆU_CHỨNG"": 13, ""CHẨN_ĐOÁN"": 3, ""TÊN_XÉT_NGHIỆM"": 1}"	v10	17	25	7	12	10	18	3	8	6	3	"{""TRIỆU_CHỨNG"": 11, ""CHẨN_ĐOÁN"": 3, ""THUỐC"": 3}"	"{""THUỐC"": 8, ""TRIỆU_CHỨNG"": 13, ""CHẨN_ĐOÁN"": 3, ""TÊN_XÉT_NGHIỆM"": 1}"
78	v7	15	16	8	10	7	8	3	2	1	0	"{""CHẨN_ĐOÁN"": 3, ""TRIỆU_CHỨNG"": 9, ""TÊN_XÉT_NGHIỆM"": 2, ""KẾT_QUẢ_XÉT_NGHIỆM"": 1}"	"{""TRIỆU_CHỨNG"": 14, ""TÊN_XÉT_NGHIỆM"": 2}"	v10	15	16	8	10	7	8	3	2	1	0	"{""CHẨN_ĐOÁN"": 3, ""TRIỆU_CHỨNG"": 9, ""TÊN_XÉT_NGHIỆM"": 2, ""KẾT_QUẢ_XÉT_NGHIỆM"": 1}"	"{""TRIỆU_CHỨNG"": 14, ""TÊN_XÉT_NGHIỆM"": 2}"
79	v7	4	8	2	2	2	6	2	0	1	0	"{""CHẨN_ĐOÁN"": 2, ""TRIỆU_CHỨNG"": 2}"	"{""TRIỆU_CHỨNG"": 4, ""TÊN_XÉT_NGHIỆM"": 4}"	v10	4	8	2	2	2	6	2	0	1	0	"{""CHẨN_ĐOÁN"": 2, ""TRIỆU_CHỨNG"": 2}"	"{""TRIỆU_CHỨNG"": 4, ""TÊN_XÉT_NGHIỆM"": 4}"
8	v7	9	11	4	6	5	7	1	2	0	0	"{""TÊN_XÉT_NGHIỆM"": 3, ""KẾT_QUẢ_XÉT_NGHIỆM"": 2, ""TRIỆU_CHỨNG"": 4}"	"{""TRIỆU_CHỨNG"": 7, ""TÊN_XÉT_NGHIỆM"": 3, ""KẾT_QUẢ_XÉT_NGHIỆM"": 1}"	v10	9	11	4	6	5	7	1	2	0	0	"{""TÊN_XÉT_NGHIỆM"": 3, ""KẾT_QUẢ_XÉT_NGHIỆM"": 2, ""TRIỆU_CHỨNG"": 4}"	"{""TRIỆU_CHỨNG"": 7, ""TÊN_XÉT_NGHIỆM"": 3, ""KẾT_QUẢ_XÉT_NGHIỆM"": 1}"
80	v7	6	10	1	4	5	9	0	3	1	0	"{""TRIỆU_CHỨNG"": 1, ""TÊN_XÉT_NGHIỆM"": 2, ""KẾT_QUẢ_XÉT_NGHIỆM"": 3}"	"{""TRIỆU_CHỨNG"": 3, ""CHẨN_ĐOÁN"": 2, ""TÊN_XÉT_NGHIỆM"": 4, ""KẾT_QUẢ_XÉT_NGHIỆM"": 1}"	v10	6	10	1	4	5	9	0	3	1	0	"{""TRIỆU_CHỨNG"": 1, ""TÊN_XÉT_NGHIỆM"": 2, ""KẾT_QUẢ_XÉT_NGHIỆM"": 3}"	"{""TRIỆU_CHỨNG"": 3, ""CHẨN_ĐOÁN"": 2, ""TÊN_XÉT_NGHIỆM"": 4, ""KẾT_QUẢ_XÉT_NGHIỆM"": 1}"
81	v7	6	8	2	5	4	6	1	3	0	1	"{""TRIỆU_CHỨNG"": 2, ""TÊN_XÉT_NGHIỆM"": 3, ""KẾT_QUẢ_XÉT_NGHIỆM"": 1}"	"{""TRIỆU_CHỨNG"": 1, ""CHẨN_ĐOÁN"": 1, ""TÊN_XÉT_NGHIỆM"": 5, ""KẾT_QUẢ_XÉT_NGHIỆM"": 1}"	v10	6	8	2	5	4	6	1	3	0	1	"{""TRIỆU_CHỨNG"": 2, ""TÊN_XÉT_NGHIỆM"": 3, ""KẾT_QUẢ_XÉT_NGHIỆM"": 1}"	"{""TRIỆU_CHỨNG"": 1, ""CHẨN_ĐOÁN"": 1, ""TÊN_XÉT_NGHIỆM"": 5, ""KẾT_QUẢ_XÉT_NGHIỆM"": 1}"
82	v7	29	37	16	23	13	21	3	5	7	4	"{""CHẨN_ĐOÁN"": 5, ""TRIỆU_CHỨNG"": 16, ""TÊN_XÉT_NGHIỆM"": 3, ""KẾT_QUẢ_XÉT_NGHIỆM"": 5}"	"{""TRIỆU_CHỨNG"": 20, ""CHẨN_ĐOÁN"": 3, ""TÊN_XÉT_NGHIỆM"": 11, ""THUỐC"": 1, ""KẾT_QUẢ_XÉT_NGHIỆM"": 2}"	v10	29	37	16	23	13	21	3	5	7	4	"{""CHẨN_ĐOÁN"": 5, ""TRIỆU_CHỨNG"": 16, ""TÊN_XÉT_NGHIỆM"": 3, ""KẾT_QUẢ_XÉT_NGHIỆM"": 5}"	"{""TRIỆU_CHỨNG"": 20, ""CHẨN_ĐOÁN"": 3, ""TÊN_XÉT_NGHIỆM"": 11, ""THUỐC"": 1, ""KẾT_QUẢ_XÉT_NGHIỆM"": 2}"
83	v7	7	8	4	6	3	4	1	2	0	1	"{""TRIỆU_CHỨNG"": 2, ""TÊN_XÉT_NGHIỆM"": 2, ""CHẨN_ĐOÁN"": 2, ""THUỐC"": 1}"	"{""TRIỆU_CHỨNG"": 3, ""TÊN_XÉT_NGHIỆM"": 3, ""CHẨN_ĐOÁN"": 1, ""THUỐC"": 1}"	v10	7	8	5	6	2	3	1	1	0	2	"{""TRIỆU_CHỨNG"": 2, ""TÊN_XÉT_NGHIỆM"": 2, ""CHẨN_ĐOÁN"": 2, ""THUỐC"": 1}"	"{""TRIỆU_CHỨNG"": 3, ""TÊN_XÉT_NGHIỆM"": 3, ""CHẨN_ĐOÁN"": 1, ""THUỐC"": 1}"
84	v7	39	42	21	26	18	21	9	7	0	8	"{""CHẨN_ĐOÁN"": 6, ""TRIỆU_CHỨNG"": 13, ""TÊN_XÉT_NGHIỆM"": 9, ""KẾT_QUẢ_XÉT_NGHIỆM"": 8, ""THUỐC"": 3}"	"{""TRIỆU_CHỨNG"": 17, ""CHẨN_ĐOÁN"": 1, ""TÊN_XÉT_NGHIỆM"": 14, ""KẾT_QUẢ_XÉT_NGHIỆM"": 5, ""THUỐC"": 5}"	v10	39	42	21	26	18	21	9	7	0	8	"{""CHẨN_ĐOÁN"": 6, ""TRIỆU_CHỨNG"": 13, ""TÊN_XÉT_NGHIỆM"": 9, ""KẾT_QUẢ_XÉT_NGHIỆM"": 8, ""THUỐC"": 3}"	"{""TRIỆU_CHỨNG"": 17, ""CHẨN_ĐOÁN"": 1, ""TÊN_XÉT_NGHIỆM"": 14, ""KẾT_QUẢ_XÉT_NGHIỆM"": 5, ""THUỐC"": 5}"
85	v7	10	16	2	4	8	14	5	3	8	4	"{""CHẨN_ĐOÁN"": 7, ""TRIỆU_CHỨNG"": 1, ""THUỐC"": 2}"	"{""TRIỆU_CHỨNG"": 6, ""TÊN_XÉT_NGHIỆM"": 7, ""CHẨN_ĐOÁN"": 2, ""THUỐC"": 1}"	v10	10	16	2	4	8	14	5	3	8	4	"{""CHẨN_ĐOÁN"": 7, ""TRIỆU_CHỨNG"": 1, ""THUỐC"": 2}"	"{""TRIỆU_CHỨNG"": 6, ""TÊN_XÉT_NGHIỆM"": 7, ""CHẨN_ĐOÁN"": 2, ""THUỐC"": 1}"
86	v7	14	17	5	7	9	12	3	3	2	2	"{""CHẨN_ĐOÁN"": 6, ""TRIỆU_CHỨNG"": 6, ""TÊN_XÉT_NGHIỆM"": 2}"	"{""TRIỆU_CHỨNG"": 10, ""TÊN_XÉT_NGHIỆM"": 7}"	v10	14	17	6	8	8	11	2	2	2	3	"{""CHẨN_ĐOÁN"": 6, ""TRIỆU_CHỨNG"": 6, ""TÊN_XÉT_NGHIỆM"": 2}"	"{""TRIỆU_CHỨNG"": 9, ""TÊN_XÉT_NGHIỆM"": 7, ""CHẨN_ĐOÁN"": 1}"
87	v7	17	19	2	3	15	17	8	5	0	8	"{""TRIỆU_CHỨNG"": 11, ""CHẨN_ĐOÁN"": 5, ""THUỐC"": 1}"	"{""TRIỆU_CHỨNG"": 10, ""CHẨN_ĐOÁN"": 3, ""TÊN_XÉT_NGHIỆM"": 4, ""THUỐC"": 2}"	v10	17	19	2	4	15	17	7	5	0	8	"{""TRIỆU_CHỨNG"": 11, ""CHẨN_ĐOÁN"": 5, ""THUỐC"": 1}"	"{""TRIỆU_CHỨNG"": 9, ""CHẨN_ĐOÁN"": 4, ""TÊN_XÉT_NGHIỆM"": 4, ""THUỐC"": 2}"
88	v7	17	24	8	9	9	16	7	7	5	6	"{""CHẨN_ĐOÁN"": 5, ""THUỐC"": 2, ""TRIỆU_CHỨNG"": 10}"	"{""TRIỆU_CHỨNG"": 16, ""TÊN_XÉT_NGHIỆM"": 3, ""THUỐC"": 4, ""CHẨN_ĐOÁN"": 1}"	v10	17	24	11	12	6	13	4	4	5	6	"{""CHẨN_ĐOÁN"": 5, ""THUỐC"": 2, ""TRIỆU_CHỨNG"": 10}"	"{""TRIỆU_CHỨNG"": 13, ""CHẨN_ĐOÁN"": 4, ""TÊN_XÉT_NGHIỆM"": 3, ""THUỐC"": 4}"
89	v7	7	25	3	6	4	22	1	3	3	1	"{""THUỐC"": 2, ""TRIỆU_CHỨNG"": 3, ""TÊN_XÉT_NGHIỆM"": 1, ""KẾT_QUẢ_XÉT_NGHIỆM"": 1}"	"{""TÊN_XÉT_NGHIỆM"": 12, ""TRIỆU_CHỨNG"": 7, ""THUỐC"": 4, ""KẾT_QUẢ_XÉT_NGHIỆM"": 1, ""CHẨN_ĐOÁN"": 1}"	v10	7	25	3	6	4	22	1	3	3	1	"{""THUỐC"": 2, ""TRIỆU_CHỨNG"": 3, ""TÊN_XÉT_NGHIỆM"": 1, ""KẾT_QUẢ_XÉT_NGHIỆM"": 1}"	"{""TÊN_XÉT_NGHIỆM"": 12, ""TRIỆU_CHỨNG"": 7, ""THUỐC"": 4, ""KẾT_QUẢ_XÉT_NGHIỆM"": 1, ""CHẨN_ĐOÁN"": 1}"
9	v7	18	21	8	10	10	13	4	5	10	2	"{""CHẨN_ĐOÁN"": 2, ""THUỐC"": 1, ""TRIỆU_CHỨNG"": 4, ""TÊN_XÉT_NGHIỆM"": 4, ""KẾT_QUẢ_XÉT_NGHIỆM"": 7}"	"{""CHẨN_ĐOÁN"": 2, ""THUỐC"": 1, ""TRIỆU_CHỨNG"": 9, ""TÊN_XÉT_NGHIỆM"": 7, ""KẾT_QUẢ_XÉT_NGHIỆM"": 2}"	v10	18	21	8	10	10	13	4	5	10	2	"{""CHẨN_ĐOÁN"": 2, ""THUỐC"": 1, ""TRIỆU_CHỨNG"": 4, ""TÊN_XÉT_NGHIỆM"": 4, ""KẾT_QUẢ_XÉT_NGHIỆM"": 7}"	"{""CHẨN_ĐOÁN"": 2, ""THUỐC"": 1, ""TRIỆU_CHỨNG"": 9, ""TÊN_XÉT_NGHIỆM"": 7, ""KẾT_QUẢ_XÉT_NGHIỆM"": 2}"
90	v7	1	7	1	1	0	6	0	0	0	0	"{""TRIỆU_CHỨNG"": 1}"	"{""TRIỆU_CHỨNG"": 6, ""TÊN_XÉT_NGHIỆM"": 1}"	v10	1	7	1	1	0	6	0	0	0	0	"{""TRIỆU_CHỨNG"": 1}"	"{""TRIỆU_CHỨNG"": 6, ""TÊN_XÉT_NGHIỆM"": 1}"
91	v7	26	30	6	12	20	24	8	7	3	5	"{""CHẨN_ĐOÁN"": 6, ""THUỐC"": 2, ""KẾT_QUẢ_XÉT_NGHIỆM"": 8, ""TÊN_XÉT_NGHIỆM"": 3, ""TRIỆU_CHỨNG"": 7}"	"{""TRIỆU_CHỨNG"": 12, ""TÊN_XÉT_NGHIỆM"": 10, ""CHẨN_ĐOÁN"": 2, ""THUỐC"": 3, ""KẾT_QUẢ_XÉT_NGHIỆM"": 3}"	v10	26	30	6	12	20	24	8	7	3	5	"{""CHẨN_ĐOÁN"": 6, ""THUỐC"": 2, ""KẾT_QUẢ_XÉT_NGHIỆM"": 8, ""TÊN_XÉT_NGHIỆM"": 3, ""TRIỆU_CHỨNG"": 7}"	"{""TRIỆU_CHỨNG"": 12, ""TÊN_XÉT_NGHIỆM"": 10, ""CHẨN_ĐOÁN"": 2, ""THUỐC"": 3, ""KẾT_QUẢ_XÉT_NGHIỆM"": 3}"
92	v7	13	11	1	5	12	10	4	6	6	0	"{""CHẨN_ĐOÁN"": 3, ""KẾT_QUẢ_XÉT_NGHIỆM"": 4, ""TÊN_XÉT_NGHIỆM"": 4, ""TRIỆU_CHỨNG"": 2}"	"{""TRIỆU_CHỨNG"": 7, ""TÊN_XÉT_NGHIỆM"": 3, ""KẾT_QUẢ_XÉT_NGHIỆM"": 1}"	v10	13	11	1	5	12	10	4	6	6	0	"{""CHẨN_ĐOÁN"": 3, ""KẾT_QUẢ_XÉT_NGHIỆM"": 4, ""TÊN_XÉT_NGHIỆM"": 4, ""TRIỆU_CHỨNG"": 2}"	"{""TRIỆU_CHỨNG"": 7, ""TÊN_XÉT_NGHIỆM"": 3, ""KẾT_QUẢ_XÉT_NGHIỆM"": 1}"
93	v7	6	8	2	2	4	6	3	3	0	1	"{""CHẨN_ĐOÁN"": 3, ""TRIỆU_CHỨNG"": 3}"	"{""TRIỆU_CHỨNG"": 6, ""TÊN_XÉT_NGHIỆM"": 1, ""THUỐC"": 1}"	v10	6	8	2	2	4	6	3	3	0	1	"{""CHẨN_ĐOÁN"": 3, ""TRIỆU_CHỨNG"": 3}"	"{""TRIỆU_CHỨNG"": 6, ""TÊN_XÉT_NGHIỆM"": 1, ""THUỐC"": 1}"
94	v7	27	27	14	19	13	13	2	7	5	1	"{""CHẨN_ĐOÁN"": 1, ""THUỐC"": 6, ""TRIỆU_CHỨNG"": 14, ""KẾT_QUẢ_XÉT_NGHIỆM"": 6}"	"{""TRIỆU_CHỨNG"": 19, ""TÊN_XÉT_NGHIỆM"": 2, ""THUỐC"": 6}"	v10	27	27	14	19	13	13	2	7	5	0	"{""CHẨN_ĐOÁN"": 1, ""THUỐC"": 6, ""TRIỆU_CHỨNG"": 14, ""KẾT_QUẢ_XÉT_NGHIỆM"": 6}"	"{""TRIỆU_CHỨNG"": 19, ""TÊN_XÉT_NGHIỆM"": 2, ""THUỐC"": 6}"
95	v7	11	16	5	10	6	11	0	5	9	0	"{""TRIỆU_CHỨNG"": 11}"	"{""TRIỆU_CHỨNG"": 15, ""CHẨN_ĐOÁN"": 1}"	v10	11	16	5	10	6	11	0	5	9	0	"{""TRIỆU_CHỨNG"": 11}"	"{""TRIỆU_CHỨNG"": 15, ""CHẨN_ĐOÁN"": 1}"
96	v7	46	51	14	29	32	37	11	20	8	13	"{""CHẨN_ĐOÁN"": 9, ""TRIỆU_CHỨNG"": 16, ""THUỐC"": 5, ""TÊN_XÉT_NGHIỆM"": 8, ""KẾT_QUẢ_XÉT_NGHIỆM"": 8}"	"{""CHẨN_ĐOÁN"": 8, ""TRIỆU_CHỨNG"": 21, ""TÊN_XÉT_NGHIỆM"": 10, ""THUỐC"": 7, ""KẾT_QUẢ_XÉT_NGHIỆM"": 5}"	v10	46	51	15	30	31	36	10	19	8	13	"{""CHẨN_ĐOÁN"": 9, ""TRIỆU_CHỨNG"": 16, ""THUỐC"": 5, ""TÊN_XÉT_NGHIỆM"": 8, ""KẾT_QUẢ_XÉT_NGHIỆM"": 8}"	"{""CHẨN_ĐOÁN"": 9, ""TRIỆU_CHỨNG"": 20, ""TÊN_XÉT_NGHIỆM"": 10, ""THUỐC"": 7, ""KẾT_QUẢ_XÉT_NGHIỆM"": 5}"
97	v7	34	37	23	28	11	14	3	5	0	2	"{""CHẨN_ĐOÁN"": 3, ""TRIỆU_CHỨNG"": 13, ""TÊN_XÉT_NGHIỆM"": 11, ""KẾT_QUẢ_XÉT_NGHIỆM"": 7}"	"{""TRIỆU_CHỨNG"": 19, ""CHẨN_ĐOÁN"": 1, ""TÊN_XÉT_NGHIỆM"": 13, ""KẾT_QUẢ_XÉT_NGHIỆM"": 4}"	v10	34	37	23	28	11	14	3	4	0	3	"{""CHẨN_ĐOÁN"": 3, ""TRIỆU_CHỨNG"": 13, ""TÊN_XÉT_NGHIỆM"": 11, ""KẾT_QUẢ_XÉT_NGHIỆM"": 7}"	"{""TRIỆU_CHỨNG"": 18, ""CHẨN_ĐOÁN"": 2, ""TÊN_XÉT_NGHIỆM"": 13, ""KẾT_QUẢ_XÉT_NGHIỆM"": 4}"
98	v7	9	11	2	4	7	9	3	2	5	2	"{""CHẨN_ĐOÁN"": 3, ""TRIỆU_CHỨNG"": 2, ""TÊN_XÉT_NGHIỆM"": 2, ""KẾT_QUẢ_XÉT_NGHIỆM"": 2}"	"{""TRIỆU_CHỨNG"": 7, ""TÊN_XÉT_NGHIỆM"": 3, ""CHẨN_ĐOÁN"": 1}"	v10	9	11	2	4	7	9	3	2	5	2	"{""CHẨN_ĐOÁN"": 3, ""TRIỆU_CHỨNG"": 2, ""TÊN_XÉT_NGHIỆM"": 2, ""KẾT_QUẢ_XÉT_NGHIỆM"": 2}"	"{""TRIỆU_CHỨNG"": 7, ""TÊN_XÉT_NGHIỆM"": 3, ""CHẨN_ĐOÁN"": 1}"
99	v7	7	11	6	7	1	5	1	0	6	1	"{""CHẨN_ĐOÁN"": 1, ""TRIỆU_CHỨNG"": 6}"	"{""TRIỆU_CHỨNG"": 7, ""CHẨN_ĐOÁN"": 2, ""TÊN_XÉT_NGHIỆM"": 2}"	v10	7	11	6	7	1	5	1	0	6	1	"{""CHẨN_ĐOÁN"": 1, ""TRIỆU_CHỨNG"": 6}"	"{""TRIỆU_CHỨNG"": 7, ""CHẨN_ĐOÁN"": 2, ""TÊN_XÉT_NGHIỆM"": 2}"
