file	entity_text	position	current_candidates	multi_score	local_support	top_local_icd_alternatives	section	reason
15	chấn	64-68	S06.0	10	multiple_sibling_or_alternate	"[{""id"": ""F07.2"", ""sim"": 0.75, ""name"": ""Hội chứng sau chấn động não""}, {""id"": ""F43.1"", ""sim"": 0.75, ""name"": ""Rối loạn stress sau sang chấn""}, {""id"": ""G44.3"", ""sim"": 0.75, ""name"": ""Đau đầu mãn tính sau chấn thương""}, {""id"": ""G91.3"", ""sim"": 0.75, ""name"": ""Tràn dịch não sau chấn thương, không đặc hiệu""}, {""id"": ""H26.1"", ""sim"": 0.75, ""name"": ""Đục thể thủy tinh do chấn thương""}]"	Lý do nhập viện: xuất huyết nội sọ không do	multiple_sibling_or_alternate
23	ăng huyết áp	56-68	Z01.3	10	multiple_sibling_or_alternate	"[{""id"": ""I10"", ""sim"": 0.92, ""name"": ""Bệnh lý tăng huyết áp""}, {""id"": ""I11"", ""sim"": 0.92, ""name"": ""Bệnh tim do tăng huyết áp""}, {""id"": ""I11.0"", ""sim"": 0.92, ""name"": ""Bệnh tim do tăng huyết áp, có suy tim (sung huyết)""}, {""id"": ""I11.9"", ""sim"": 0.92, ""name"": ""Bệnh tim do tăng huyết áp, không suy tim (sung huyết)""}, {""id"": ""I12"", ""sim"": 0.92, ""name"": ""Bệnh thận do tăng huyết áp""}]"	Bệnh tim mạch do xơ vữa động mạch.	multiple_sibling_or_alternate
28	u ác	291-295	C25	10	multiple_sibling_or_alternate	"[{""id"": ""B21"", ""sim"": 0.75, ""name"": ""Bệnh HIV gây u ác tính""}, {""id"": ""B21.3"", ""sim"": 0.75, ""name"": ""Bệnh HIV dẫn đến u ác tính khác của tổ chức bạch huyết, tạo máu và tổ chức liên quan""}, {""id"": ""B21.7"", ""sim"": 0.75, ""name"": ""Bệnh HIV dẫn đến đa u ác tính""}, {""id"": ""B21.8"", ""sim"": 0.75, ""name"": ""Bệnh HIV dẫn đến u ác tính khác""}, {""id"": ""B21.9"", ""sim"": 0.75, ""name"": ""Bệnh HIV dẫn đến u ác tính không đặc hiệu""}]"	Tiền sử phẫu thuật / thủ thuật: phẫu thuật cắt bỏ tuyến tiền liệt (	multiple_sibling_or_alternate
53	blốc nhĩ thất	171-184	I44.2	10	multiple_sibling_or_alternate	"[{""id"": ""I44"", ""sim"": 0.92, ""name"": ""Blốc nhĩ thất và nhánh trái""}, {""id"": ""I44.0"", ""sim"": 0.92, ""name"": ""Blốc nhĩ thất độ I""}, {""id"": ""I44.1"", ""sim"": 0.92, ""name"": ""Blốc nhĩ thất độ II""}, {""id"": ""I44.2"", ""sim"": 0.92, ""name"": ""Blốc nhĩ thất, hoàn toàn""}, {""id"": ""I44.3"", ""sim"": 0.92, ""name"": ""Blốc nhĩ thất khác và không xác định""}]"	-	multiple_sibling_or_alternate
99	không biệt định	55-70	Q56.4	10	multiple_sibling_or_alternate	"[{""id"": ""F01.9"", ""sim"": 0.92, ""name"": ""Sa sút trí tuệ, không biệt định""}, {""id"": ""F03"", ""sim"": 0.92, ""name"": ""Sa sút trí tuệ không biệt định""}, {""id"": ""F05.9"", ""sim"": 0.92, ""name"": ""Sảng, không biệt định""}, {""id"": ""F06.9"", ""sim"": 0.92, ""name"": ""Các rối loạn tâm thần không biệt định do tổn thương não và rối loạn chức năng não và bệnh lý cơ thể""}, {""id"": ""F07.9"", ""sim"": 0.92, ""name"": ""Rối loạn nhân cách và hành vi thực thể không biệt định do bệnh não, tổn thương và rối loạn chức năng não""}]"	Bệnh lý mãn tính: rối loạn lo âu,	multiple_sibling_or_alternate
100	U ác của đại tràng	123-141	C17.0	8	multiple_sibling_or_alternate	"[{""id"": ""C18.2"", ""sim"": 0.92, ""name"": ""U ác của đại tràng lên""}, {""id"": ""C18.3"", ""sim"": 0.92, ""name"": ""U ác của đại tràng góc gan""}, {""id"": ""C18.4"", ""sim"": 0.92, ""name"": ""U ác của đại tràng ngang""}, {""id"": ""C18.5"", ""sim"": 0.92, ""name"": ""U ác của đại tràng góc lách""}, {""id"": ""C18.6"", ""sim"": 0.92, ""name"": ""U ác của đại tràng xuống""}]"	-	multiple_sibling_or_alternate
11	bệnh gút	77-85	M10.0	8	multiple_sibling_or_alternate	"[{""id"": ""M10.0"", ""sim"": 0.92, ""name"": ""Bệnh Gút vô căn""}, {""id"": ""M10.1"", ""sim"": 0.92, ""name"": ""Bệnh Gút do ngộ độc chì""}, {""id"": ""M10.2"", ""sim"": 0.92, ""name"": ""Bệnh Gút do thuốc""}, {""id"": ""M10.3"", ""sim"": 0.92, ""name"": ""Bệnh Gút do thương tổn chức năng thận""}, {""id"": ""M10.4"", ""sim"": 0.92, ""name"": ""Bệnh Gút thứ phát khác""}]"	-	multiple_sibling_or_alternate
13	tổn thương	2032-2042	T14.9	8	multiple_sibling_or_alternate	"[{""id"": ""A66.0"", ""sim"": 0.92, ""name"": ""Tổn thương ban đầu của ghẻ cóc""}, {""id"": ""A66.2"", ""sim"": 0.92, ""name"": ""Tổn thương da sớm khác của ghẻ cóc""}, {""id"": ""A66.6"", ""sim"": 0.92, ""name"": ""Tổn thương xương và khớp của ghẻ cóc""}, {""id"": ""A67.0"", ""sim"": 0.92, ""name"": ""Tổn thương tiên phát của pinta""}, {""id"": ""A67.1"", ""sim"": 0.92, ""name"": ""Tổn thương trung gian của pinta""}]"	- dịch tiết có vẻ như mủ từ một số	multiple_sibling_or_alternate
17	bệnh trào ngược dạ dày- thực quản	40-73	K21	8	parent_child_alternatives	"[{""id"": ""K21"", ""sim"": 0.6, ""name"": ""Bệnh trào ngược dạ dày - thực quản""}, {""id"": ""K21.0"", ""sim"": 0.6, ""name"": ""Bệnh trào ngược dạ dày - thực quản với viêm thực quản""}, {""id"": ""K21.9"", ""sim"": 0.6, ""name"": ""Bệnh trào ngược dạ dày - thực quản không có viêm thực quản""}]"	Bệnh mãn tính:	parent_child_alternatives
20	hở van hai lá	2463-2476	I34.0	8	multiple_sibling_or_alternate	"[{""id"": ""I05.1"", ""sim"": 0.92, ""name"": ""Hở van hai lá do thấp""}, {""id"": ""I05.2"", ""sim"": 0.92, ""name"": ""Hẹp hở van hai lá""}, {""id"": ""Q23.3"", ""sim"": 0.92, ""name"": ""Hở van hai lá bẩm sinh""}]"	- chụp x-quang ngực: mức nước-khí	multiple_sibling_or_alternate
25	tách thành động mạch chủ	48-72	I71.0	8	parent_child_alternatives	"[{""id"": ""I71"", ""sim"": 0.92, ""name"": ""Phình và tách thành động mạch chủ""}, {""id"": ""I71.0"", ""sim"": 0.92, ""name"": ""Tách thành động mạch chủ (bất kỳ đoạn nào)""}, {""id"": ""I67.0"", ""sim"": 0.56, ""name"": ""Tách thành động mạch não, không vỡ""}]"	Bệnh lý mãn tính:	parent_child_alternatives
28	viêm túi mật cấp.	1694-1711	K81.0	8	parent_child_alternatives	"[{""id"": ""K81"", ""sim"": 0.92, ""name"": ""Viêm túi mật""}, {""id"": ""K81.0"", ""sim"": 0.92, ""name"": ""Viêm túi mật cấp""}]"	Diễn biến  trước khi nhập viện	parent_child_alternatives
43	hẹp van động mạch chủ	447-468	I35.0	8	multiple_sibling_or_alternate	"[{""id"": ""I06.0"", ""sim"": 0.92, ""name"": ""Hẹp van động mạch chủ do thấp""}, {""id"": ""Q23.0"", ""sim"": 0.92, ""name"": ""Hẹp van động mạch chủ bẩm sinh""}, {""id"": ""I06.2"", ""sim"": 0.7, ""name"": ""Hẹp Hở van động mạch chủ do thấp""}, {""id"": ""Q24.4"", ""sim"": 0.7, ""name"": ""Hẹp dưới van động mạch chủ bẩm sinh""}, {""id"": ""I06"", ""sim"": 0.56, ""name"": ""Bệnh van động mạch chủ do thấp""}]"	- đã thực hiện siêu âm tim cho thấy	multiple_sibling_or_alternate
43	hẹp van động mạch chủ	669-690	I35.0	8	multiple_sibling_or_alternate	"[{""id"": ""I06.0"", ""sim"": 0.92, ""name"": ""Hẹp van động mạch chủ do thấp""}, {""id"": ""Q23.0"", ""sim"": 0.92, ""name"": ""Hẹp van động mạch chủ bẩm sinh""}, {""id"": ""I06.2"", ""sim"": 0.7, ""name"": ""Hẹp Hở van động mạch chủ do thấp""}, {""id"": ""Q24.4"", ""sim"": 0.7, ""name"": ""Hẹp dưới van động mạch chủ bẩm sinh""}, {""id"": ""I06"", ""sim"": 0.56, ""name"": ""Bệnh van động mạch chủ do thấp""}]"	- đã thực hiện siêu âm tim gắng sức dobutamine ghi nhận	multiple_sibling_or_alternate
43	hẹp van động mạch chủ	1212-1233	I35.0	8	multiple_sibling_or_alternate	"[{""id"": ""I06.0"", ""sim"": 0.92, ""name"": ""Hẹp van động mạch chủ do thấp""}, {""id"": ""Q23.0"", ""sim"": 0.92, ""name"": ""Hẹp van động mạch chủ bẩm sinh""}, {""id"": ""I06.2"", ""sim"": 0.7, ""name"": ""Hẹp Hở van động mạch chủ do thấp""}, {""id"": ""Q24.4"", ""sim"": 0.7, ""name"": ""Hẹp dưới van động mạch chủ bẩm sinh""}, {""id"": ""I06"", ""sim"": 0.56, ""name"": ""Bệnh van động mạch chủ do thấp""}]"	- siêu âm tim cho thấy	multiple_sibling_or_alternate
43	hẹp van động mạch chủ	1294-1315	I35.0	8	multiple_sibling_or_alternate	"[{""id"": ""I06.0"", ""sim"": 0.92, ""name"": ""Hẹp van động mạch chủ do thấp""}, {""id"": ""Q23.0"", ""sim"": 0.92, ""name"": ""Hẹp van động mạch chủ bẩm sinh""}, {""id"": ""I06.2"", ""sim"": 0.7, ""name"": ""Hẹp Hở van động mạch chủ do thấp""}, {""id"": ""Q24.4"", ""sim"": 0.7, ""name"": ""Hẹp dưới van động mạch chủ bẩm sinh""}, {""id"": ""I06"", ""sim"": 0.56, ""name"": ""Bệnh van động mạch chủ do thấp""}]"	- siêu âm tim gắng sức dobutamine ghi nhận	multiple_sibling_or_alternate
43	hẹp van động mạch chủ	1423-1444	I35.0	8	multiple_sibling_or_alternate	"[{""id"": ""I06.0"", ""sim"": 0.92, ""name"": ""Hẹp van động mạch chủ do thấp""}, {""id"": ""Q23.0"", ""sim"": 0.92, ""name"": ""Hẹp van động mạch chủ bẩm sinh""}, {""id"": ""I06.2"", ""sim"": 0.7, ""name"": ""Hẹp Hở van động mạch chủ do thấp""}, {""id"": ""Q24.4"", ""sim"": 0.7, ""name"": ""Hẹp dưới van động mạch chủ bẩm sinh""}, {""id"": ""I06"", ""sim"": 0.56, ""name"": ""Bệnh van động mạch chủ do thấp""}]"	-	multiple_sibling_or_alternate
44	khả	569-572	M67.4	8	multiple_sibling_or_alternate	"[{""id"": ""K22.0"", ""sim"": 0.75, ""name"": ""Mất khả năng giãn của tâm vị""}, {""id"": ""Q90.1"", ""sim"": 0.75, ""name"": ""Ba nhiễm sắc thể, thể khảm (gián phân không phân ly)""}, {""id"": ""Q91.1"", ""sim"": 0.75, ""name"": ""Ba nhiễm sắc thể, thể khảm (gián phân không phân ly)""}, {""id"": ""Q91.5"", ""sim"": 0.75, ""name"": ""Ba nhiễm sắc thể 13, thể khảm (không phân ly khi gián phân)""}, {""id"": ""Q92.1"", ""sim"": 0.75, ""name"": ""Ba nhiễm sắc thể hoàn toàn, thể khảm (không phân ly khi gián phân)""}]"	- giảm	multiple_sibling_or_alternate
5	bệnh trào ngược dạ dày- thực quản	154-187	K21	8	parent_child_alternatives	"[{""id"": ""K21"", ""sim"": 0.6, ""name"": ""Bệnh trào ngược dạ dày - thực quản""}, {""id"": ""K21.0"", ""sim"": 0.6, ""name"": ""Bệnh trào ngược dạ dày - thực quản với viêm thực quản""}, {""id"": ""K21.9"", ""sim"": 0.6, ""name"": ""Bệnh trào ngược dạ dày - thực quản không có viêm thực quản""}]"	-	parent_child_alternatives
64	bệnh túi thừa	436-449	K57	8	multiple_sibling_or_alternate	"[{""id"": ""K57"", ""sim"": 0.92, ""name"": ""Bệnh túi thừa của ruột""}, {""id"": ""K57.0"", ""sim"": 0.92, ""name"": ""Bệnh túi thừa của ruột non, có thủng và áp xe""}, {""id"": ""K57.1"", ""sim"": 0.92, ""name"": ""Bệnh túi thừa của ruột non, không thủng hay áp xe""}, {""id"": ""K57.2"", ""sim"": 0.92, ""name"": ""Bệnh túi thừa của đại tràng, có thủng và áp xe""}, {""id"": ""K57.3"", ""sim"": 0.92, ""name"": ""Bệnh túi thừa của đại tràng, không thủng hay áp xe""}]"	- Tiền sử đã biết của	multiple_sibling_or_alternate
72	u ác của đầu tuỵ	1387-1403	C25.0	8	parent_child_alternatives	"[{""id"": ""C25.0"", ""sim"": 0.56, ""name"": ""U ác của đầu tụy""}, {""id"": ""C43.4"", ""sim"": 0.56, ""name"": ""U hắc tố ác của đầu và cổ""}, {""id"": ""C60.1"", ""sim"": 0.56, ""name"": ""U da ác của quy đầu dương vật""}, {""id"": ""C76.0"", ""sim"": 0.56, ""name"": ""U ác của đầu mặt và cổ""}, {""id"": ""C77.0"", ""sim"": 0.56, ""name"": ""U ác của hạch của vùng đầu mặt cổ""}]"	-	parent_child_alternatives
77	Rối loạn lưỡng cực	219-237	F31	8	parent_child_alternatives	"[{""id"": ""F31"", ""sim"": 0.7, ""name"": ""Rối loạn cảm xúc lưỡng cực""}, {""id"": ""F31.8"", ""sim"": 0.7, ""name"": ""Rối loạn cảm xúc lưỡng cực khác""}, {""id"": ""F31.9"", ""sim"": 0.7, ""name"": ""Rối loạn cảm xúc lưỡng cực không biệt định""}]"	-	parent_child_alternatives
83	hở van hai lá	268-281	I34.0	8	multiple_sibling_or_alternate	"[{""id"": ""I05.1"", ""sim"": 0.92, ""name"": ""Hở van hai lá do thấp""}, {""id"": ""I05.2"", ""sim"": 0.92, ""name"": ""Hẹp hở van hai lá""}, {""id"": ""Q23.3"", ""sim"": 0.92, ""name"": ""Hở van hai lá bẩm sinh""}]"	-  siêu âm tim cho thấy	multiple_sibling_or_alternate
100	cơn đau thắt ngực	204-221	I20	7	multiple_sibling_or_alternate	"[{""id"": ""I20"", ""sim"": 1.0, ""name"": ""Cơn đau thắt ngực""}, {""id"": ""I20.0"", ""sim"": 0.92, ""name"": ""Cơn đau thắt ngực không ổn định""}, {""id"": ""I20.1"", ""sim"": 0.92, ""name"": ""Cơn đau thắt ngực do co thắt mạch""}, {""id"": ""I20.8"", ""sim"": 0.92, ""name"": ""Dạng khác của cơn đau thắt ngực""}, {""id"": ""I20.9"", ""sim"": 0.92, ""name"": ""Cơn đau thắt ngực, không đặc hiệu""}]"	-	multiple_sibling_or_alternate
15	xuất huyết nội sọ không do chấn thương, không đặc hiệu	205-259	I62.9	7	parent_child_alternatives	"[{""id"": ""I62.9"", ""sim"": 1.0, ""name"": ""Xuất huyết nội sọ không do chấn thương, không đặc hiệu""}, {""id"": ""I61"", ""sim"": 0.92, ""name"": ""Xuất huyết nội sọ""}]"	-	parent_child_alternatives
17	bệnh trào ngược dạ dày- thực quản không có viêm thực quản	40-97	K21.9	7	parent_child_alternatives	"[{""id"": ""K20"", ""sim"": 0.92, ""name"": ""Viêm thực quản""}, {""id"": ""K21.9"", ""sim"": 0.63, ""name"": ""Bệnh trào ngược dạ dày - thực quản không có viêm thực quản""}]"	Bệnh mãn tính:	parent_child_alternatives
20	thoát vị hoành	2154-2168	K44	7	multiple_sibling_or_alternate	"[{""id"": ""K44"", ""sim"": 1.0, ""name"": ""Thoát vị hoành""}, {""id"": ""K44.0"", ""sim"": 0.92, ""name"": ""Thoát vị hoành có tắc, không hoại tử""}, {""id"": ""K44.1"", ""sim"": 0.92, ""name"": ""Thoát vị hoành có hoại tử""}, {""id"": ""K44.9"", ""sim"": 0.92, ""name"": ""Thoát vị hoành, không tắc hay hoại tử""}, {""id"": ""Q79.0"", ""sim"": 0.92, ""name"": ""Thoát vị hoành bẩm sinh""}]"	- chụp x-quang ngực: mức nước-khí	multiple_sibling_or_alternate
20	xẹp phổi	2198-2206	J98.1	7	multiple_sibling_or_alternate	"[{""id"": ""J98.1"", ""sim"": 1.0, ""name"": ""Xẹp phổi""}, {""id"": ""P28.0"", ""sim"": 0.92, ""name"": ""Xẹp phổi nguyên phát của trẻ sơ sinh""}, {""id"": ""P28.1"", ""sim"": 0.92, ""name"": ""Xẹp phổi khác và không xác định của trẻ sơ sinh""}]"	- chụp x-quang ngực: mức nước-khí	multiple_sibling_or_alternate
21	suy tim, không đặc hiệu	68-91	I50.9	7	parent_child_alternatives	"[{""id"": ""I50.9"", ""sim"": 1.0, ""name"": ""Suy tim, không đặc hiệu""}, {""id"": ""I50"", ""sim"": 0.75, ""name"": ""Suy tim""}, {""id"": ""D60.9"", ""sim"": 0.56, ""name"": ""Suy tủy xương một dòng hồng cầu mắc phải không đặc hiệu""}, {""id"": ""D61.9"", ""sim"": 0.56, ""name"": ""Suy tủy xương không đặc hiệu khác""}, {""id"": ""D81.9"", ""sim"": 0.56, ""name"": ""Suy giảm miễn dịch hỗn hợp không đặc hiệu""}]"	-	parent_child_alternatives
27	hội chứng turner	48-64	Q96	7	multiple_sibling_or_alternate	"[{""id"": ""Q96"", ""sim"": 1.0, ""name"": ""Hội chứng Turner""}, {""id"": ""Q96.8"", ""sim"": 0.92, ""name"": ""Các dạng khác của hội chứng Turner""}, {""id"": ""Q96.9"", ""sim"": 0.92, ""name"": ""Hội chứng Turner, không đặc hiệu""}]"	-	multiple_sibling_or_alternate
27	hội chứng turner, không đặc hiệu	48-80	Q96.9	7	parent_child_alternatives	"[{""id"": ""Q96.9"", ""sim"": 1.0, ""name"": ""Hội chứng Turner, không đặc hiệu""}, {""id"": ""Q96"", ""sim"": 0.92, ""name"": ""Hội chứng Turner""}, {""id"": ""D46.9"", ""sim"": 0.5833, ""name"": ""Hội chứng loạn tủy xương không đặc hiệu""}, {""id"": ""E00.9"", ""sim"": 0.5833, ""name"": ""Hội chứng thiếu iod bẩm sinh, không đặc hiệu""}, {""id"": ""E24.9"", ""sim"": 0.5833, ""name"": ""Hội chứng Cushing, không đặc hiệu""}]"	-	parent_child_alternatives
28	rối loạn cảm xúc lưỡng cực khác	188-219	F31.8	7	parent_child_alternatives	"[{""id"": ""F31.8"", ""sim"": 1.0, ""name"": ""Rối loạn cảm xúc lưỡng cực khác""}, {""id"": ""F31"", ""sim"": 0.92, ""name"": ""Rối loạn cảm xúc lưỡng cực""}, {""id"": ""F31.9"", ""sim"": 0.6, ""name"": ""Rối loạn cảm xúc lưỡng cực không biệt định""}]"	-	parent_child_alternatives
33	suy tim, không đặc hiệu	154-177	I50.9	7	parent_child_alternatives	"[{""id"": ""I50.9"", ""sim"": 1.0, ""name"": ""Suy tim, không đặc hiệu""}, {""id"": ""I50"", ""sim"": 0.75, ""name"": ""Suy tim""}, {""id"": ""D60.9"", ""sim"": 0.56, ""name"": ""Suy tủy xương một dòng hồng cầu mắc phải không đặc hiệu""}, {""id"": ""D61.9"", ""sim"": 0.56, ""name"": ""Suy tủy xương không đặc hiệu khác""}, {""id"": ""D81.9"", ""sim"": 0.56, ""name"": ""Suy giảm miễn dịch hỗn hợp không đặc hiệu""}]"	- tiền sử lâm sàng	parent_child_alternatives
34	Bệnh gan do rượu	114-130	K70	7	unspecified_plus_specified	"[{""id"": ""K70"", ""sim"": 1.0, ""name"": ""Bệnh gan do rượu""}, {""id"": ""K70.9"", ""sim"": 0.92, ""name"": ""Bệnh gan do rượu, không đặc hiệu""}, {""id"": ""K70.2"", ""sim"": 0.7, ""name"": ""Bệnh xơ hóa gan do rượu""}]"	- bằng chứng	unspecified_plus_specified
37	Suy tim	114-121	I50	7	multiple_sibling_or_alternate	"[{""id"": ""I50"", ""sim"": 1.0, ""name"": ""Suy tim""}, {""id"": ""I11.0"", ""sim"": 0.75, ""name"": ""Bệnh tim do tăng huyết áp, có suy tim (sung huyết)""}, {""id"": ""I11.9"", ""sim"": 0.75, ""name"": ""Bệnh tim do tăng huyết áp, không suy tim (sung huyết)""}, {""id"": ""I13.0"", ""sim"": 0.75, ""name"": ""Bệnh tim và thận do tăng huyết áp, có suy tim (sung huyết)""}, {""id"": ""I13.2"", ""sim"": 0.75, ""name"": ""Bệnh tim và thận do tăng huyết áp, có suy tim (sung huyết) và suy thận""}]"	Đái tháo đường, có biến chứng bệnh lý thần kinh ngoại biên.	multiple_sibling_or_alternate
38	Suy tim	125-132	I50	7	multiple_sibling_or_alternate	"[{""id"": ""I50"", ""sim"": 1.0, ""name"": ""Suy tim""}, {""id"": ""I11.0"", ""sim"": 0.75, ""name"": ""Bệnh tim do tăng huyết áp, có suy tim (sung huyết)""}, {""id"": ""I11.9"", ""sim"": 0.75, ""name"": ""Bệnh tim do tăng huyết áp, không suy tim (sung huyết)""}, {""id"": ""I13.0"", ""sim"": 0.75, ""name"": ""Bệnh tim và thận do tăng huyết áp, có suy tim (sung huyết)""}, {""id"": ""I13.2"", ""sim"": 0.75, ""name"": ""Bệnh tim và thận do tăng huyết áp, có suy tim (sung huyết) và suy thận""}]"	-	multiple_sibling_or_alternate
41	hội chứng ruột kích thích	226-251	K58	7	multiple_sibling_or_alternate	"[{""id"": ""K58"", ""sim"": 1.0, ""name"": ""Hội chứng ruột kích thích""}, {""id"": ""K58.0"", ""sim"": 0.92, ""name"": ""Hội chứng ruột kích thích, có tiêu chảy""}, {""id"": ""K58.9"", ""sim"": 0.92, ""name"": ""Hội chứng ruột kích thích, không tiêu chảy""}, {""id"": ""I45.6"", ""sim"": 0.56, ""name"": ""Hội chứng kích thích sớm (hội chứng tiền kích thích)""}]"	Bệnh lý mãn tính:	multiple_sibling_or_alternate
41	hội chứng ruột kích thích	268-293	K58	7	multiple_sibling_or_alternate	"[{""id"": ""K58"", ""sim"": 1.0, ""name"": ""Hội chứng ruột kích thích""}, {""id"": ""K58.0"", ""sim"": 0.92, ""name"": ""Hội chứng ruột kích thích, có tiêu chảy""}, {""id"": ""K58.9"", ""sim"": 0.92, ""name"": ""Hội chứng ruột kích thích, không tiêu chảy""}, {""id"": ""I45.6"", ""sim"": 0.56, ""name"": ""Hội chứng kích thích sớm (hội chứng tiền kích thích)""}]"	Bệnh lý mãn tính: hội chứng ruột kích thích (được chẩn đoán	multiple_sibling_or_alternate
41	Viêm thực quản	478-492	K20	7	multiple_sibling_or_alternate	"[{""id"": ""K20"", ""sim"": 1.0, ""name"": ""Viêm thực quản""}, {""id"": ""K21.0"", ""sim"": 0.92, ""name"": ""Bệnh trào ngược dạ dày - thực quản với viêm thực quản""}, {""id"": ""K21.9"", ""sim"": 0.92, ""name"": ""Bệnh trào ngược dạ dày - thực quản không có viêm thực quản""}, {""id"": ""K230*"", ""sim"": 0.92, ""name"": ""Viêm thực quản do laoA18.8""}]"	- nội soi (	multiple_sibling_or_alternate
41	hội chứng ruột kích thích	1277-1302	K58	7	multiple_sibling_or_alternate	"[{""id"": ""K58"", ""sim"": 1.0, ""name"": ""Hội chứng ruột kích thích""}, {""id"": ""K58.0"", ""sim"": 0.92, ""name"": ""Hội chứng ruột kích thích, có tiêu chảy""}, {""id"": ""K58.9"", ""sim"": 0.92, ""name"": ""Hội chứng ruột kích thích, không tiêu chảy""}, {""id"": ""I45.6"", ""sim"": 0.56, ""name"": ""Hội chứng kích thích sớm (hội chứng tiền kích thích)""}]"	- Triệu chứng cách đây vài năm: tái phát buồn nôn và tiêu chảy, chẩn đoán	multiple_sibling_or_alternate
41	Viêm thực quản	3180-3194	K20	7	multiple_sibling_or_alternate	"[{""id"": ""K20"", ""sim"": 1.0, ""name"": ""Viêm thực quản""}, {""id"": ""K21.0"", ""sim"": 0.92, ""name"": ""Bệnh trào ngược dạ dày - thực quản với viêm thực quản""}, {""id"": ""K21.9"", ""sim"": 0.92, ""name"": ""Bệnh trào ngược dạ dày - thực quản không có viêm thực quản""}, {""id"": ""K230*"", ""sim"": 0.92, ""name"": ""Viêm thực quản do laoA18.8""}]"	-	multiple_sibling_or_alternate
44	suy tim, không đặc hiệu	66-89	I50.9	7	parent_child_alternatives	"[{""id"": ""I50.9"", ""sim"": 1.0, ""name"": ""Suy tim, không đặc hiệu""}, {""id"": ""I50"", ""sim"": 0.75, ""name"": ""Suy tim""}, {""id"": ""D60.9"", ""sim"": 0.56, ""name"": ""Suy tủy xương một dòng hồng cầu mắc phải không đặc hiệu""}, {""id"": ""D61.9"", ""sim"": 0.56, ""name"": ""Suy tủy xương không đặc hiệu khác""}, {""id"": ""D81.9"", ""sim"": 0.56, ""name"": ""Suy giảm miễn dịch hỗn hợp không đặc hiệu""}]"	-	parent_child_alternatives
5	bệnh trào ngược dạ dày- thực quản không có viêm thực quản	154-211	K21.9	7	parent_child_alternatives	"[{""id"": ""K20"", ""sim"": 0.92, ""name"": ""Viêm thực quản""}, {""id"": ""K21.9"", ""sim"": 0.63, ""name"": ""Bệnh trào ngược dạ dày - thực quản không có viêm thực quản""}]"	-	parent_child_alternatives
60	thoát vị hoành	638-652	K44	7	multiple_sibling_or_alternate	"[{""id"": ""K44"", ""sim"": 1.0, ""name"": ""Thoát vị hoành""}, {""id"": ""K44.0"", ""sim"": 0.92, ""name"": ""Thoát vị hoành có tắc, không hoại tử""}, {""id"": ""K44.1"", ""sim"": 0.92, ""name"": ""Thoát vị hoành có hoại tử""}, {""id"": ""K44.9"", ""sim"": 0.92, ""name"": ""Thoát vị hoành, không tắc hay hoại tử""}, {""id"": ""Q79.0"", ""sim"": 0.92, ""name"": ""Thoát vị hoành bẩm sinh""}]"	- Kêt quả không cho thấy	multiple_sibling_or_alternate
7	giai đoạn trầm cảm không đặc hiệu	88-121	F32.9	7	parent_child_alternatives	"[{""id"": ""F32.9"", ""sim"": 1.0, ""name"": ""Giai đoạn trầm cảm không đặc hiệu""}, {""id"": ""F32"", ""sim"": 0.92, ""name"": ""Giai đoạn trầm cảm""}, {""id"": ""F30.9"", ""sim"": 0.6, ""name"": ""Giai đoạn hưng cảm không đặc hiệu""}]"	- ho Rối loạn cảm xúc (trầm cảm) (tiền sử	parent_child_alternatives
71	suy tim, không đặc hiệu	140-163	I50.9	7	parent_child_alternatives	"[{""id"": ""I50.9"", ""sim"": 1.0, ""name"": ""Suy tim, không đặc hiệu""}, {""id"": ""I50"", ""sim"": 0.75, ""name"": ""Suy tim""}, {""id"": ""D60.9"", ""sim"": 0.56, ""name"": ""Suy tủy xương một dòng hồng cầu mắc phải không đặc hiệu""}, {""id"": ""D61.9"", ""sim"": 0.56, ""name"": ""Suy tủy xương không đặc hiệu khác""}, {""id"": ""D81.9"", ""sim"": 0.56, ""name"": ""Suy giảm miễn dịch hỗn hợp không đặc hiệu""}]"	-	parent_child_alternatives
85	suy tim	154-161	I50	7	multiple_sibling_or_alternate	"[{""id"": ""I50"", ""sim"": 1.0, ""name"": ""Suy tim""}, {""id"": ""I11.0"", ""sim"": 0.75, ""name"": ""Bệnh tim do tăng huyết áp, có suy tim (sung huyết)""}, {""id"": ""I11.9"", ""sim"": 0.75, ""name"": ""Bệnh tim do tăng huyết áp, không suy tim (sung huyết)""}, {""id"": ""I13.0"", ""sim"": 0.75, ""name"": ""Bệnh tim và thận do tăng huyết áp, có suy tim (sung huyết)""}, {""id"": ""I13.2"", ""sim"": 0.75, ""name"": ""Bệnh tim và thận do tăng huyết áp, có suy tim (sung huyết) và suy thận""}]"	-	multiple_sibling_or_alternate
85	bệnh mạch máu ngoại biên	168-192	I73	7	multiple_sibling_or_alternate	"[{""id"": ""I73"", ""sim"": 1.0, ""name"": ""Bệnh mạch máu ngoại biên""}, {""id"": ""I73.8"", ""sim"": 0.92, ""name"": ""Bệnh mạch máu ngoại biên xác định khác""}, {""id"": ""I73.9"", ""sim"": 0.92, ""name"": ""Bệnh mạch máu ngoại biên, không đặc hiệu""}, {""id"": ""I792*"", ""sim"": 0.7, ""name"": ""Bệnh lý mạch máu ngoại biên trong bệnh phân loại nơi khác""}, {""id"": ""E10.5"", ""sim"": 0.56, ""name"": ""Bệnh đái tháo đường phụ thuộc insuline (Có biến chứng mạch máu ngoại vi)""}]"	-	multiple_sibling_or_alternate
9	u cơ trơn tử cung	39-56	D25	7	unspecified_plus_specified	"[{""id"": ""D25"", ""sim"": 1.0, ""name"": ""U cơ trơn tử cung""}, {""id"": ""D25.9"", ""sim"": 0.92, ""name"": ""U cơ trơn tử cung, không đặc hiệu""}, {""id"": ""D25.0"", ""sim"": 0.7, ""name"": ""U cơ trơn dưới niêm mạc tử cung""}, {""id"": ""D25.1"", ""sim"": 0.7, ""name"": ""U cơ trơn trong vách tử cung""}, {""id"": ""D25.2"", ""sim"": 0.7, ""name"": ""U cơ trơn dưới thanh mạc tử cung""}]"	Bệnh lý mãn tính:	unspecified_plus_specified
9	u cơ trơn tử cung, không đặc hiệu	39-72	D25.9	7	parent_child_alternatives	"[{""id"": ""D25.9"", ""sim"": 1.0, ""name"": ""U cơ trơn tử cung, không đặc hiệu""}, {""id"": ""D25"", ""sim"": 0.92, ""name"": ""U cơ trơn tử cung""}]"	Bệnh lý mãn tính:	parent_child_alternatives
96	viêm tủy	18-26	K04.0	7	multiple_sibling_or_alternate	"[{""id"": ""K04.0"", ""sim"": 1.0, ""name"": ""Viêm tủy""}, {""id"": ""G04"", ""sim"": 0.92, ""name"": ""Viêm não, viêm tủy và viêm não-tủy""}, {""id"": ""G04.2"", ""sim"": 0.92, ""name"": ""Viêm não - màng não và viêm tủy - màng tủy do vi khuẩn, không phân loại ở mục khác""}, {""id"": ""G04.8"", ""sim"": 0.92, ""name"": ""Viêm não, viêm tủy và viêm não - tủy khác""}, {""id"": ""G04.9"", ""sim"": 0.92, ""name"": ""Viêm não, viêm tủy và viêm não-tủy, không biệt định""}]"	-	multiple_sibling_or_alternate
96	liệt hai chi dưới	81-98	G82.1	7	parent_child_alternatives	"[{""id"": ""G82.2"", ""sim"": 0.92, ""name"": ""Liệt hai chi dưới, không đặc hiệu""}, {""id"": ""G82.0"", ""sim"": 0.7, ""name"": ""Liệt mềm hai chi dưới""}, {""id"": ""G82.1"", ""sim"": 0.7, ""name"": ""Liệt cứng hai chi dưới""}]"	- viêm tủy xương mãn tính và bàng quang thần kinh gây biến chứng	parent_child_alternatives
96	viêm tủy	655-663	K04.0	7	multiple_sibling_or_alternate	"[{""id"": ""K04.0"", ""sim"": 1.0, ""name"": ""Viêm tủy""}, {""id"": ""G04"", ""sim"": 0.92, ""name"": ""Viêm não, viêm tủy và viêm não-tủy""}, {""id"": ""G04.2"", ""sim"": 0.92, ""name"": ""Viêm não - màng não và viêm tủy - màng tủy do vi khuẩn, không phân loại ở mục khác""}, {""id"": ""G04.8"", ""sim"": 0.92, ""name"": ""Viêm não, viêm tủy và viêm não - tủy khác""}, {""id"": ""G04.9"", ""sim"": 0.92, ""name"": ""Viêm não, viêm tủy và viêm não-tủy, không biệt định""}]"	Lý do nhập viện: sốt cao	multiple_sibling_or_alternate
96	viêm tủy	1511-1519	K04.0	7	multiple_sibling_or_alternate	"[{""id"": ""K04.0"", ""sim"": 1.0, ""name"": ""Viêm tủy""}, {""id"": ""G04"", ""sim"": 0.92, ""name"": ""Viêm não, viêm tủy và viêm não-tủy""}, {""id"": ""G04.2"", ""sim"": 0.92, ""name"": ""Viêm não - màng não và viêm tủy - màng tủy do vi khuẩn, không phân loại ở mục khác""}, {""id"": ""G04.8"", ""sim"": 0.92, ""name"": ""Viêm não, viêm tủy và viêm não - tủy khác""}, {""id"": ""G04.9"", ""sim"": 0.92, ""name"": ""Viêm não, viêm tủy và viêm não-tủy, không biệt định""}]"	Chẩn đoán: nhiễm trùng huyết đường vào tiết niệu-	multiple_sibling_or_alternate
97	liệt hai chi dưới	105-122	G82.1	7	parent_child_alternatives	"[{""id"": ""G82.2"", ""sim"": 0.92, ""name"": ""Liệt hai chi dưới, không đặc hiệu""}, {""id"": ""G82.0"", ""sim"": 0.7, ""name"": ""Liệt mềm hai chi dưới""}, {""id"": ""G82.1"", ""sim"": 0.7, ""name"": ""Liệt cứng hai chi dưới""}]"	Các bệnh lý mãn tính: viêm tủy xương và bàng quang thần kinh có biến chứng	parent_child_alternatives
95	bụng mềm	578-586	R19.3	6	parent_child_alternatives	"[{""id"": ""C49.4"", ""sim"": 0.7, ""name"": ""U ác của mô liên kết và mô mềm của bụng""}, {""id"": ""D21.4"", ""sim"": 0.7, ""name"": ""U lành mô liên kết và mô mềm khác của bụng""}]"	Khám	parent_child_alternatives
1	viêm tuyến mồ hôi	98-115	K11.2	5	parent_child_alternatives	"[{""id"": ""L73.2"", ""sim"": 0.92, ""name"": ""Viêm tuyến mồ hôi mủ (nhọt ổ gà)""}]"	- doxycycline cho	parent_child_alternatives
100	Xơ vữa động mạch	181-197	I70	5	multiple_sibling_or_alternate	"[{""id"": ""I70"", ""sim"": 1.0, ""name"": ""Xơ vữa động mạch""}, {""id"": ""I25.0"", ""sim"": 0.92, ""name"": ""Bệnh tim mạch do xơ vữa động mạch vành""}, {""id"": ""I25.1"", ""sim"": 0.92, ""name"": ""Bệnh tim mạch do xơ vữa động mạch""}, {""id"": ""I67.2"", ""sim"": 0.92, ""name"": ""Xơ vữa động mạch não""}, {""id"": ""I70.0"", ""sim"": 0.92, ""name"": ""Xơ vữa động mạch chủ""}]"	-	multiple_sibling_or_alternate
11	bệnh gút không đặc hiệu	77-100	M10.9	5	parent_child_alternatives	"[{""id"": ""M10.9"", ""sim"": 1.0, ""name"": ""Bệnh Gút không đặc hiệu""}, {""id"": ""A00.9"", ""sim"": 0.56, ""name"": ""Bệnh tả, không đặc hiệu""}, {""id"": ""A03.9"", ""sim"": 0.56, ""name"": ""Bệnh lỵ trực khuẩn, không đặc hiệu""}, {""id"": ""A37.9"", ""sim"": 0.56, ""name"": ""Bệnh ho gà, không đặc hiệu""}, {""id"": ""A42.9"", ""sim"": 0.56, ""name"": ""Bệnh do actinomyces, không đặc hiệu""}]"	-	parent_child_alternatives
16	hạ huyết áp, không đặc hiệu	1732-1759	I95.9	5	parent_child_alternatives	"[{""id"": ""I95.9"", ""sim"": 1.0, ""name"": ""Hạ huyết áp, không đặc hiệu""}, {""id"": ""I13.9"", ""sim"": 0.5833, ""name"": ""Bệnh tim và thận do tăng huyết áp, không đặc hiệu""}]"	-	parent_child_alternatives
2	sử dụng rượu	121-133	Z72.1	5	multiple_sibling_or_alternate	"[{""id"": ""Z72.1"", ""sim"": 1.0, ""name"": ""Sử dụng rượu""}, {""id"": ""F10"", ""sim"": 0.92, ""name"": ""Rối loạn tâm thần và hành vi do sử dụng rượu""}, {""id"": ""F10.0"", ""sim"": 0.92, ""name"": ""Rối loạn tâm thần và hành vi do sử dụng rượu (Nhiễm độc cấp)""}, {""id"": ""F10.1"", ""sim"": 0.92, ""name"": ""Rối loạn tâm thần và hành vi do sử dụng rượu (Sử dụng gây hại)""}, {""id"": ""F10.2"", ""sim"": 0.92, ""name"": ""Rối loạn tâm thần và hành vi do sử dụng rượu (Hội chứng nghiện)""}]"	Các yếu tố nguy cơ liên quan: Có tiền sử	multiple_sibling_or_alternate
20	bệnh tim mạch do xơ vữa động mạch	104-137	I25.1	5	multiple_sibling_or_alternate	"[{""id"": ""I25.1"", ""sim"": 1.0, ""name"": ""Bệnh tim mạch do xơ vữa động mạch""}, {""id"": ""I25.0"", ""sim"": 0.92, ""name"": ""Bệnh tim mạch do xơ vữa động mạch vành""}, {""id"": ""I70"", ""sim"": 0.92, ""name"": ""Xơ vữa động mạch""}]"	-	multiple_sibling_or_alternate
20	gãy cổ xương đùi	651-667	S72.0	5	multiple_sibling_or_alternate	"[{""id"": ""S72.0"", ""sim"": 1.0, ""name"": ""Gãy cổ xương đùi""}, {""id"": ""S72.00"", ""sim"": 0.92, ""name"": ""Gãy cổ xương đùi, gãy kín""}, {""id"": ""S72.01"", ""sim"": 0.92, ""name"": ""Gãy cổ xương đùi, gãy hở""}, {""id"": ""S12"", ""sim"": 0.75, ""name"": ""Gãy cổ""}]"	Lý do nhập viện: ngã với	multiple_sibling_or_alternate
20	gãy cổ xương đùi	898-914	S72.0	5	multiple_sibling_or_alternate	"[{""id"": ""S72.0"", ""sim"": 1.0, ""name"": ""Gãy cổ xương đùi""}, {""id"": ""S72.00"", ""sim"": 0.92, ""name"": ""Gãy cổ xương đùi, gãy kín""}, {""id"": ""S72.01"", ""sim"": 0.92, ""name"": ""Gãy cổ xương đùi, gãy hở""}, {""id"": ""S12"", ""sim"": 0.75, ""name"": ""Gãy cổ""}]"	- Phát hiện có	multiple_sibling_or_alternate
20	hở van ba lá	2422-2434	I07.1	5	multiple_sibling_or_alternate	"[{""id"": ""I07.1"", ""sim"": 1.0, ""name"": ""Hở van ba lá""}, {""id"": ""I07.2"", ""sim"": 0.92, ""name"": ""Hẹp hở van ba lá""}, {""id"": ""I36.2"", ""sim"": 0.92, ""name"": ""Hẹp kèm hở van ba lá không do thấp""}]"	- chụp x-quang ngực: mức nước-khí	multiple_sibling_or_alternate
20	gãy cổ xương đùi	2538-2554	S72.0	5	multiple_sibling_or_alternate	"[{""id"": ""S72.0"", ""sim"": 1.0, ""name"": ""Gãy cổ xương đùi""}, {""id"": ""S72.00"", ""sim"": 0.92, ""name"": ""Gãy cổ xương đùi, gãy kín""}, {""id"": ""S72.01"", ""sim"": 0.92, ""name"": ""Gãy cổ xương đùi, gãy hở""}, {""id"": ""S12"", ""sim"": 0.75, ""name"": ""Gãy cổ""}]"	- Gãy xương hông phải:	multiple_sibling_or_alternate
21	sử dụng thuốc lá	339-355	Z72.0	5	multiple_sibling_or_alternate	"[{""id"": ""Z72.0"", ""sim"": 1.0, ""name"": ""Sử dụng thuốc lá""}, {""id"": ""F17"", ""sim"": 0.92, ""name"": ""Rối loạn tâm thần và hành vi do sử dụng thuốc lá""}, {""id"": ""F17.0"", ""sim"": 0.92, ""name"": ""Rối loạn tâm thần và hành vi do sử dụng thuốc lá (Nhiễm độc cấp)""}, {""id"": ""F17.1"", ""sim"": 0.92, ""name"": ""Rối loạn tâm thần và hành vi do sử dụng thuốc lá (Sử dụng gây hại)""}, {""id"": ""F17.2"", ""sim"": 0.92, ""name"": ""Rối loạn tâm thần và hành vi do sử dụng thuốc lá (Hội chứng nghiện)""}]"	Các yếu tố nguy cơ liên quan: Sử dụng	multiple_sibling_or_alternate
23	Bệnh tim mạch do xơ vữa động mạch	21-54	I25.1	5	multiple_sibling_or_alternate	"[{""id"": ""I25.1"", ""sim"": 1.0, ""name"": ""Bệnh tim mạch do xơ vữa động mạch""}, {""id"": ""I25.0"", ""sim"": 0.92, ""name"": ""Bệnh tim mạch do xơ vữa động mạch vành""}, {""id"": ""I70"", ""sim"": 0.92, ""name"": ""Xơ vữa động mạch""}]"	1.  Tiền sử bệnh lý	multiple_sibling_or_alternate
23	mất định hướng	1376-1390	R41.0	5	parent_child_alternatives	"[{""id"": ""R41.0"", ""sim"": 0.92, ""name"": ""Mất định hướng, không đặc hiệu""}]"	Người nhà nhận thấy bệnh nhân có biểu hiện bất thường,	parent_child_alternatives
23	mất định hướng	2360-2374	R41.0	5	parent_child_alternatives	"[{""id"": ""R41.0"", ""sim"": 0.92, ""name"": ""Mất định hướng, không đặc hiệu""}]"	Có ghi nhận giai đoạn	parent_child_alternatives
28	rối loạn cảm xúc lưỡng cực	188-214	F31	5	multiple_sibling_or_alternate	"[{""id"": ""F31"", ""sim"": 1.0, ""name"": ""Rối loạn cảm xúc lưỡng cực""}, {""id"": ""F31.0"", ""sim"": 0.92, ""name"": ""Rối loạn cảm xúc lưỡng cực, hiện tại giai đoạn hưng cảm nhẹ""}, {""id"": ""F31.1"", ""sim"": 0.92, ""name"": ""Rối loạn cảm xúc lưỡng cực, hiện tại giai đoạn hưng cảm không có các triệu chứng loạn thần""}, {""id"": ""F31.2"", ""sim"": 0.92, ""name"": ""Rối loạn cảm xúc lưỡng cực, hiện tại giai đoạn hưng cảm có các triệu chứng loạn thần""}, {""id"": ""F31.3"", ""sim"": 0.92, ""name"": ""Rối loạn cảm xúc lưỡng cực, hiện tại giai đoạn trầm cảm nhẹ hoặc trung bình""}]"	-	multiple_sibling_or_alternate
28	sỏi mật	2107-2114	K80	5	multiple_sibling_or_alternate	"[{""id"": ""K80"", ""sim"": 1.0, ""name"": ""Sỏi mật""}, {""id"": ""K80.5"", ""sim"": 0.75, ""name"": ""Sỏi mật không viêm đường mật hay viêm túi mật""}, {""id"": ""K80.8"", ""sim"": 0.75, ""name"": ""Sỏi mật khác""}, {""id"": ""K80.0"", ""sim"": 0.7, ""name"": ""Sỏi túi mật có viêm túi mật cấp""}, {""id"": ""K80.1"", ""sim"": 0.7, ""name"": ""Sỏi túi mật có viêm túi mật khác""}]"	- siêu âm vùng gan mật cho thấy	multiple_sibling_or_alternate
28	viêm túi mật	2130-2142	K81	5	multiple_sibling_or_alternate	"[{""id"": ""K81"", ""sim"": 1.0, ""name"": ""Viêm túi mật""}, {""id"": ""K80.0"", ""sim"": 0.92, ""name"": ""Sỏi túi mật có viêm túi mật cấp""}, {""id"": ""K80.1"", ""sim"": 0.92, ""name"": ""Sỏi túi mật có viêm túi mật khác""}, {""id"": ""K80.2"", ""sim"": 0.92, ""name"": ""Sỏi túi mật không có viêm túi mật""}, {""id"": ""K80.4"", ""sim"": 0.92, ""name"": ""Sỏi đường mật có viêm túi mật""}]"	- siêu âm vùng gan mật cho thấy sỏi mật nhưng không có	multiple_sibling_or_alternate
28	viêm túi mật cấp	2347-2363	K81.0	5	multiple_sibling_or_alternate	"[{""id"": ""K81.0"", ""sim"": 1.0, ""name"": ""Viêm túi mật cấp""}, {""id"": ""K80.0"", ""sim"": 0.92, ""name"": ""Sỏi túi mật có viêm túi mật cấp""}, {""id"": ""K81"", ""sim"": 0.92, ""name"": ""Viêm túi mật""}]"	- chụp ct bụng chậu là chưa phát hiện bất thường (lần nhập viện trước)	multiple_sibling_or_alternate
28	viêm túi mật cấp	2406-2422	K81.0	5	multiple_sibling_or_alternate	"[{""id"": ""K81.0"", ""sim"": 1.0, ""name"": ""Viêm túi mật cấp""}, {""id"": ""K80.0"", ""sim"": 0.92, ""name"": ""Sỏi túi mật có viêm túi mật cấp""}, {""id"": ""K81"", ""sim"": 0.92, ""name"": ""Viêm túi mật""}]"	Các phát hiện chẩn đoán khác: lo ngại	multiple_sibling_or_alternate
3	bệnh tim mạch do xơ vữa động mạch	217-250	I25.1	5	multiple_sibling_or_alternate	"[{""id"": ""I25.1"", ""sim"": 1.0, ""name"": ""Bệnh tim mạch do xơ vữa động mạch""}, {""id"": ""I25.0"", ""sim"": 0.92, ""name"": ""Bệnh tim mạch do xơ vữa động mạch vành""}, {""id"": ""I70"", ""sim"": 0.92, ""name"": ""Xơ vữa động mạch""}]"	-	multiple_sibling_or_alternate
30	tăng cholesterol máu đơn thuần	95-125	E78.0	5	parent_child_alternatives	"[{""id"": ""E78.0"", ""sim"": 1.0, ""name"": ""Tăng cholesterol máu đơn thuần""}, {""id"": ""R05"", ""sim"": 0.75, ""name"": ""Ho""}, {""id"": ""E78.1"", ""sim"": 0.56, ""name"": ""Tăng triglycerid máu đơn thuần""}]"	-	parent_child_alternatives
30	hoang tưởng/lo sợ	1131-1148	F40	5	parent_child_alternatives	"[{""id"": ""R05"", ""sim"": 0.75, ""name"": ""Ho""}]"	Bệnh nhân thường	parent_child_alternatives
32	khò khè	1382-1389	R29.4	5	parent_child_alternatives	"[{""id"": ""R06.2"", ""sim"": 0.75, ""name"": ""Thở khò khè""}]"	Sáng ngày nhập viện, bệnh nhân xuất hiện	parent_child_alternatives
32	khò khè	1875-1882	R29.4	5	parent_child_alternatives	"[{""id"": ""R06.2"", ""sim"": 0.75, ""name"": ""Thở khò khè""}]"	Bệnh nhân xuất hiện ho và	parent_child_alternatives
33	ngừng thở khi ngủ	113-130	G47.3	5	multiple_sibling_or_alternate	"[{""id"": ""G47.3"", ""sim"": 1.0, ""name"": ""Ngừng thở khi ngủ""}, {""id"": ""P28.3"", ""sim"": 0.92, ""name"": ""Ngừng thở khi ngủ nguyên phát của trẻ sơ sinh""}, {""id"": ""R09.2"", ""sim"": 0.92, ""name"": ""Ngừng thở""}]"	-	multiple_sibling_or_alternate
35	tăng lipid máu, không đặc hiệu	133-163	E78.5	5	parent_child_alternatives	"[{""id"": ""E78.5"", ""sim"": 1.0, ""name"": ""Tăng lipid máu, không đặc hiệu""}]"	-	parent_child_alternatives
35	hẹp ống sống	197-209	M48.0	5	multiple_sibling_or_alternate	"[{""id"": ""M48.0"", ""sim"": 1.0, ""name"": ""Hẹp ống sống""}, {""id"": ""M99.2"", ""sim"": 0.92, ""name"": ""Hẹp ống sống do bán trật khớp""}, {""id"": ""M99.3"", ""sim"": 0.92, ""name"": ""Hẹp ống sống do tổn thương xương""}, {""id"": ""M99.4"", ""sim"": 0.92, ""name"": ""Hẹp ống sống do tổn thương mô liên kết""}, {""id"": ""M99.5"", ""sim"": 0.92, ""name"": ""Hẹp ống sống do tổn thương đĩa gian đốt""}]"	-	multiple_sibling_or_alternate
38	bệnh tim mạch do xơ vữa động mạch	75-108	I25.1	5	multiple_sibling_or_alternate	"[{""id"": ""I25.1"", ""sim"": 1.0, ""name"": ""Bệnh tim mạch do xơ vữa động mạch""}, {""id"": ""I25.0"", ""sim"": 0.92, ""name"": ""Bệnh tim mạch do xơ vữa động mạch vành""}, {""id"": ""I70"", ""sim"": 0.92, ""name"": ""Xơ vữa động mạch""}]"	-	multiple_sibling_or_alternate
41	loét tá tràng	390-403	K26	5	multiple_sibling_or_alternate	"[{""id"": ""K26"", ""sim"": 1.0, ""name"": ""Loét tá tràng""}, {""id"": ""K26.0"", ""sim"": 0.92, ""name"": ""Loét tá tràng (Cấp có xuất huyết)""}, {""id"": ""K26.1"", ""sim"": 0.92, ""name"": ""Loét tá tràng (Cấp có thủng)""}, {""id"": ""K26.2"", ""sim"": 0.92, ""name"": ""Loét tá tràng (Cấp, cả xuất huyết và thủng)""}, {""id"": ""K26.3"", ""sim"": 0.92, ""name"": ""Loét tá tràng (Cấp không có xuất huyết hay thủng)""}]"	- Nội soi (cách đây vài năm, phát hiện	multiple_sibling_or_alternate
41	loét tá tràng	435-448	K26	5	multiple_sibling_or_alternate	"[{""id"": ""K26"", ""sim"": 1.0, ""name"": ""Loét tá tràng""}, {""id"": ""K26.0"", ""sim"": 0.92, ""name"": ""Loét tá tràng (Cấp có xuất huyết)""}, {""id"": ""K26.1"", ""sim"": 0.92, ""name"": ""Loét tá tràng (Cấp có thủng)""}, {""id"": ""K26.2"", ""sim"": 0.92, ""name"": ""Loét tá tràng (Cấp, cả xuất huyết và thủng)""}, {""id"": ""K26.3"", ""sim"": 0.92, ""name"": ""Loét tá tràng (Cấp không có xuất huyết hay thủng)""}]"	- Nội soi (cho thấy nhiều	multiple_sibling_or_alternate
41	loét tá tràng	1314-1327	K26	5	multiple_sibling_or_alternate	"[{""id"": ""K26"", ""sim"": 1.0, ""name"": ""Loét tá tràng""}, {""id"": ""K26.0"", ""sim"": 0.92, ""name"": ""Loét tá tràng (Cấp có xuất huyết)""}, {""id"": ""K26.1"", ""sim"": 0.92, ""name"": ""Loét tá tràng (Cấp có thủng)""}, {""id"": ""K26.2"", ""sim"": 0.92, ""name"": ""Loét tá tràng (Cấp, cả xuất huyết và thủng)""}, {""id"": ""K26.3"", ""sim"": 0.92, ""name"": ""Loét tá tràng (Cấp không có xuất huyết hay thủng)""}]"	Diễn biến bệnh	multiple_sibling_or_alternate
41	loét tá tràng	1590-1603	K26	5	multiple_sibling_or_alternate	"[{""id"": ""K26"", ""sim"": 1.0, ""name"": ""Loét tá tràng""}, {""id"": ""K26.0"", ""sim"": 0.92, ""name"": ""Loét tá tràng (Cấp có xuất huyết)""}, {""id"": ""K26.1"", ""sim"": 0.92, ""name"": ""Loét tá tràng (Cấp có thủng)""}, {""id"": ""K26.2"", ""sim"": 0.92, ""name"": ""Loét tá tràng (Cấp, cả xuất huyết và thủng)""}, {""id"": ""K26.3"", ""sim"": 0.92, ""name"": ""Loét tá tràng (Cấp không có xuất huyết hay thủng)""}]"	Diễn biến bệnh	multiple_sibling_or_alternate
44	chán ăn	364-371	R63.0	5	multiple_sibling_or_alternate	"[{""id"": ""R63.0"", ""sim"": 1.0, ""name"": ""Chán ăn""}, {""id"": ""F50.0"", ""sim"": 0.75, ""name"": ""Chán ăn tâm thần""}, {""id"": ""F50.1"", ""sim"": 0.75, ""name"": ""Chán ăn tâm thần không điển hình""}, {""id"": ""Y57.0"", ""sim"": 0.75, ""name"": ""Giảm ngon miệng (làm chán ăn)""}]"	-	multiple_sibling_or_alternate
46	hạ huyết áp, không đặc hiệu	213-240	I95.9	5	parent_child_alternatives	"[{""id"": ""I95.9"", ""sim"": 1.0, ""name"": ""Hạ huyết áp, không đặc hiệu""}, {""id"": ""I13.9"", ""sim"": 0.5833, ""name"": ""Bệnh tim và thận do tăng huyết áp, không đặc hiệu""}]"	- khó khăn với	parent_child_alternatives
5	bệnh tim mạch do xơ vữa động mạch	57-90	I25.1	5	multiple_sibling_or_alternate	"[{""id"": ""I25.1"", ""sim"": 1.0, ""name"": ""Bệnh tim mạch do xơ vữa động mạch""}, {""id"": ""I25.0"", ""sim"": 0.92, ""name"": ""Bệnh tim mạch do xơ vữa động mạch vành""}, {""id"": ""I70"", ""sim"": 0.92, ""name"": ""Xơ vữa động mạch""}]"	-	multiple_sibling_or_alternate
5	tăng lipid máu, không đặc hiệu	117-147	E78.5	5	parent_child_alternatives	"[{""id"": ""E78.5"", ""sim"": 1.0, ""name"": ""Tăng lipid máu, không đặc hiệu""}]"	-	parent_child_alternatives
5	hạ huyết áp, không đặc hiệu	647-674	I95.9	5	parent_child_alternatives	"[{""id"": ""I95.9"", ""sim"": 1.0, ""name"": ""Hạ huyết áp, không đặc hiệu""}, {""id"": ""I13.9"", ""sim"": 0.5833, ""name"": ""Bệnh tim và thận do tăng huyết áp, không đặc hiệu""}]"	-	parent_child_alternatives
50	khò khè	682-689	R29.4	5	parent_child_alternatives	"[{""id"": ""R06.2"", ""sim"": 0.75, ""name"": ""Thở khò khè""}]"	2. Bệnh sử hiện tạiBệnh nhân được bác sĩ chăm sóc ban đầu khám cách đây khoảng 1 tuần vì khó thở,	parent_child_alternatives
52	nang tụy	847-855	K86.2	5	parent_child_alternatives	"[{""id"": ""K86.2"", ""sim"": 1.0, ""name"": ""Nang tụy""}, {""id"": ""Q45.2"", ""sim"": 0.92, ""name"": ""Nang tụy bẩm sinh""}, {""id"": ""K86.3"", ""sim"": 0.7, ""name"": ""Nang giả tụy""}]"	- mrcp (chụp cộng hưởng từ mật tụy) cho thấy nhiều	parent_child_alternatives
53	bệnh tim mạch do xơ vữa động mạch	131-164	I25.1	5	multiple_sibling_or_alternate	"[{""id"": ""I25.1"", ""sim"": 1.0, ""name"": ""Bệnh tim mạch do xơ vữa động mạch""}, {""id"": ""I25.0"", ""sim"": 0.92, ""name"": ""Bệnh tim mạch do xơ vữa động mạch vành""}, {""id"": ""I70"", ""sim"": 0.92, ""name"": ""Xơ vữa động mạch""}]"	-	multiple_sibling_or_alternate
53	blốc nhĩ thất, hoàn toàn	171-195	I44.2	5	parent_child_alternatives	"[{""id"": ""I44.2"", ""sim"": 1.0, ""name"": ""Blốc nhĩ thất, hoàn toàn""}, {""id"": ""R05"", ""sim"": 0.75, ""name"": ""Ho""}]"	-	parent_child_alternatives
53	Cơn đau thắt ngực không ổn định	1048-1079	I20.0	5	parent_child_alternatives	"[{""id"": ""I20.0"", ""sim"": 1.0, ""name"": ""Cơn đau thắt ngực không ổn định""}, {""id"": ""I20"", ""sim"": 0.92, ""name"": ""Cơn đau thắt ngực""}]"	- Chuyển đến vì lo ngại	parent_child_alternatives
53	Cơn đau thắt ngực không ổn định	1174-1205	I20.0	5	parent_child_alternatives	"[{""id"": ""I20.0"", ""sim"": 1.0, ""name"": ""Cơn đau thắt ngực không ổn định""}, {""id"": ""I20"", ""sim"": 0.92, ""name"": ""Cơn đau thắt ngực""}]"	Các phát hiện chẩn đoán khác: Lo ngại	parent_child_alternatives
54	suy thận cấp	479-491	N17	5	multiple_sibling_or_alternate	"[{""id"": ""N17"", ""sim"": 1.0, ""name"": ""Suy thận cấp""}, {""id"": ""N17.0"", ""sim"": 0.92, ""name"": ""Suy thận cấp có hoại tử ống thận""}, {""id"": ""N17.1"", ""sim"": 0.92, ""name"": ""Suy thận cấp có hoại tử cấp vỏ thận""}, {""id"": ""N17.2"", ""sim"": 0.92, ""name"": ""Suy thận cấp có hoại tử tủy thận""}, {""id"": ""N17.8"", ""sim"": 0.92, ""name"": ""Suy thận cấp khác""}]"	- Nhập viện từ cơ sở điều dưỡng với	multiple_sibling_or_alternate
